thread_id,resolution_status,number_replies,symptoms,startDate,endDate,duration
683346,unknown,1,redirect,2018-09-11T23:43:31,2018-09-11T23:43:31,0
683340,unknown,1,unknown,2018-09-11T20:42:00,2018-09-11T20:42:00,0
683336,unknown,1,"popup,redirect",2018-09-11T18:10:01,2018-09-11T18:10:01,0
683295,unknown,2,unknown,2018-09-10T23:23:09,2018-09-12T01:25:44,93755000
683268,resolved,5,unknown,2018-09-10T06:12:33,2018-09-11T19:08:17,132944000
683256,resolved,5,crash,2018-09-10T02:08:33,2018-09-11T17:41:43,142390000
683246,unknown,2,unknown,2018-09-09T19:45:30,2018-09-10T05:12:07,33997000
683241,resolved,24,unknown,2018-09-09T18:16:59,2018-09-12T06:13:53,215814000
683239,unknown,2,unknown,2018-09-09T17:38:38,2018-09-10T12:16:33,67075000
683230,resolved,11,"popup,crash",2018-09-09T12:29:08,2018-09-11T20:05:26,200178000
683228,unknown,3,unknown,2018-09-09T10:33:18,2018-09-09T13:13:47,9629000
683226,resolved,4,slow,2018-09-09T08:41:21,2018-09-11T19:31:20,211799000
683224,resolved,1,unknown,2018-09-09T06:13:44,2018-09-09T06:13:44,0
683223,resolved,5,unknown,2018-09-09T04:54:44,2018-09-11T03:51:34,169010000
683214,unknown,4,"slow,crash",2018-09-08T21:12:07,2018-09-11T13:12:32,230425000
683211,unknown,2,unknown,2018-09-08T20:03:45,2018-09-09T12:20:32,58607000
683199,unknown,6,crash,2018-09-08T15:50:48,2018-09-11T17:37:16,265588000
683171,unknown,2,slow,2018-09-08T00:19:01,2018-09-08T13:21:20,46939000
683161,unknown,4,unknown,2018-09-07T20:04:37,2018-09-11T21:33:42,350945000
683133,unknown,8,unknown,2018-09-07T01:33:27,2018-09-11T13:11:54,387507000
683127,resolved,12,unknown,2018-09-06T21:57:45,2018-09-08T23:34:31,178606000
683123,unknown,4,"popup,crash",2018-09-06T20:50:22,2018-09-08T12:28:26,142684000
683085,resolved,2,unknown,2018-09-06T06:50:38,2018-09-11T06:55:01,432263000
683084,unknown,5,unknown,2018-09-06T06:29:36,2018-09-07T11:54:28,105892000
683079,unknown,16,"popup,redirect,crash",2018-09-06T02:44:39,2018-09-08T18:30:54,229575000
683078,unknown,11,slow,2018-09-06T02:03:36,2018-09-11T18:44:19,492043000
683072,unknown,21,unknown,2018-09-05T22:30:15,2018-09-12T04:08:04,538669000
683067,unknown,5,unknown,2018-09-05T21:17:41,2018-09-08T12:04:34,226013000
683064,unknown,5,unknown,2018-09-05T20:17:39,2018-09-06T18:33:50,80171000
683053,unknown,6,crash,2018-09-05T14:50:23,2018-09-09T11:46:41,334578000
683038,unknown,2,unknown,2018-09-05T06:41:38,2018-09-05T13:30:56,24558000
683026,unknown,7,crash,2018-09-05T01:12:31,2018-09-11T13:19:03,561992000
683013,resolved,4,popup,2018-09-04T15:54:38,2018-09-11T13:18:25,595427000
683011,unknown,15,unknown,2018-09-04T14:23:48,2018-09-09T11:47:25,422617000
683005,resolved,4,unknown,2018-09-04T09:56:16,2018-09-09T10:00:01,432225000
683000,unknown,6,unknown,2018-09-04T08:43:02,2018-09-08T19:10:01,383219000
682974,unknown,16,unknown,2018-09-04T03:21:13,2018-09-09T11:48:00,462407000
682958,resolved,8,crash,2018-09-03T16:03:05,2018-09-04T13:37:13,77648000
682957,resolved,8,unknown,2018-09-03T15:54:19,2018-09-06T08:37:57,233018000
682947,resolved,8,unknown,2018-09-03T10:24:10,2018-09-06T09:59:11,257701000
682941,resolved,2,slow,2018-09-03T03:29:24,2018-09-08T03:30:01,432037000
682938,unknown,4,unknown,2018-09-03T01:35:15,2018-09-10T13:47:40,648745000
682923,resolved,4,unknown,2018-09-02T13:58:15,2018-09-03T16:28:57,95442000
682917,unknown,6,unknown,2018-09-02T11:12:07,2018-09-04T14:11:48,183581000
682909,unknown,4,slow,2018-09-02T04:26:44,2018-09-11T18:05:44,826740000
682900,resolved,14,unknown,2018-09-01T22:20:25,2018-09-08T16:39:19,584334000
682887,resolved,8,unknown,2018-09-01T16:47:37,2018-09-11T18:54:51,871634000
682885,resolved,6,"slow,popup,crash",2018-09-01T13:46:48,2018-09-04T10:43:14,248186000
682884,resolved,14,unknown,2018-09-01T13:20:10,2018-09-03T19:26:20,194770000
682882,unknown,6,unknown,2018-09-01T13:08:56,2018-09-07T02:55:14,481578000
682881,unknown,11,crash,2018-09-01T12:47:13,2018-09-09T07:28:31,672078000
682879,resolved,12,unknown,2018-09-01T11:54:50,2018-09-05T23:50:38,388548000
682864,unknown,6,unknown,2018-09-01T03:57:03,2018-09-02T17:48:01,136258000
682855,unknown,10,crash,2018-08-31T21:58:52,2018-09-09T16:16:05,757033000
682807,resolved,17,unknown,2018-08-30T23:57:45,2018-09-06T23:18:55,602470000
682806,unknown,3,crash,2018-08-30T22:25:05,2018-09-06T12:03:45,567520000
682793,unknown,6,popup,2018-08-30T11:47:59,2018-09-04T16:09:53,447714000
682791,resolved,9,unknown,2018-08-30T10:53:10,2018-09-03T10:44:42,345092000
682786,resolved,6,unknown,2018-08-30T05:22:05,2018-08-31T14:45:14,120189000
682765,unknown,5,crash,2018-08-29T15:20:44,2018-08-30T13:14:39,78835000
682759,unknown,5,crash,2018-08-29T12:31:28,2018-09-06T12:01:04,689376000
682735,unknown,5,"redirect,crash",2018-08-28T23:56:48,2018-09-08T13:15:09,911901000
682721,unknown,2,unknown,2018-08-28T16:09:01,2018-08-29T20:20:52,101511000
682704,unknown,14,unknown,2018-08-28T06:51:07,2018-08-31T11:56:39,277532000
682696,unknown,3,unknown,2018-08-28T01:57:18,2018-09-07T02:05:01,864463000
682667,resolved,3,unknown,2018-08-27T12:32:32,2018-08-27T14:55:05,8553000
682661,unknown,4,unknown,2018-08-27T11:36:00,2018-09-06T11:45:01,864541000
682638,unknown,4,unknown,2018-08-27T00:59:08,2018-08-27T18:28:22,62954000
682634,unknown,18,slow,2018-08-26T21:47:07,2018-08-30T11:20:38,308011000
682612,unknown,4,slow,2018-08-26T03:51:54,2018-08-27T12:26:38,117284000
682598,resolved,12,slow,2018-08-25T17:19:38,2018-08-27T17:34:47,173709000
682577,unknown,4,crash,2018-08-25T06:15:24,2018-09-04T05:23:57,860913000
682557,unknown,7,popup,2018-08-24T17:44:20,2018-09-06T12:03:17,1102737000
682548,unknown,3,unknown,2018-08-24T14:32:39,2018-08-30T13:17:34,513895000
682506,resolved,8,unknown,2018-08-23T19:11:57,2018-08-25T15:51:44,160787000
682504,unknown,8,"popup,crash",2018-08-23T19:10:20,2018-08-28T18:16:17,428757000
682487,unknown,4,unknown,2018-08-23T09:47:10,2018-09-11T13:26:31,1654761000
682478,unknown,8,unknown,2018-08-23T06:10:29,2018-08-24T18:19:12,130123000
682467,unknown,6,"slow,popup",2018-08-22T21:00:38,2018-08-25T11:45:42,225904000
682461,resolved,5,unknown,2018-08-22T18:13:12,2018-08-23T16:38:04,80692000
682438,unknown,4,crash,2018-08-22T09:54:35,2018-08-27T10:05:24,432649000
682431,resolved,144,crash,2018-08-22T08:07:20,2018-09-12T04:16:36,1800556000
682421,resolved,14,crash,2018-08-22T00:29:11,2018-08-25T15:54:03,314692000
682569,resolved,29,popup,2018-08-21T23:24:30,2018-08-29T22:39:55,688525000
682417,resolved,4,"popup,crash",2018-08-21T21:33:52,2018-08-25T15:52:47,325135000
682416,unknown,14,unknown,2018-08-21T20:57:26,2018-09-06T06:18:33,1329667000
682413,resolved,4,unknown,2018-08-21T18:05:22,2018-08-27T14:19:08,504826000
682411,unknown,20,unknown,2018-08-21T16:30:51,2018-09-11T23:19:49,1838938000
682407,unknown,10,unknown,2018-08-21T15:34:03,2018-09-02T13:18:40,1028677000
682398,resolved,20,"slow,crash",2018-08-21T14:10:37,2018-09-07T11:52:22,1460505000
682387,unknown,6,unknown,2018-08-21T09:55:47,2018-08-31T10:05:01,864554000
682374,unknown,9,"popup,crash",2018-08-21T00:45:47,2018-09-11T18:10:11,1877064000
682368,resolved,9,unknown,2018-08-20T22:11:29,2018-08-24T02:20:14,274125000
682363,unknown,16,popup,2018-08-20T19:43:00,2018-08-28T12:03:34,663634000
682357,unknown,4,slow,2018-08-20T17:07:17,2018-08-27T12:28:22,588065000
682332,resolved,68,popup,2018-08-19T19:57:06,2018-08-28T21:03:06,781560000
682309,unknown,5,unknown,2018-08-19T02:41:23,2018-08-25T12:03:51,552148000
682300,unknown,16,"slow,crash",2018-08-18T19:38:18,2018-09-02T13:19:12,1273254000
682295,unknown,5,unknown,2018-08-18T17:46:08,2018-08-21T12:35:53,240585000
682294,unknown,6,unknown,2018-08-18T16:58:36,2018-08-22T12:06:11,328055000
682293,unknown,3,unknown,2018-08-18T15:46:52,2018-08-24T13:52:30,511538000
682267,unknown,5,unknown,2018-08-17T18:56:00,2018-08-27T19:05:01,864541000
682259,unknown,47,popup,2018-08-17T11:31:50,2018-08-28T11:47:35,951345000
682240,resolved,12,crash,2018-08-16T22:44:50,2018-08-20T20:41:46,338216000
682235,unknown,4,"popup,crash",2018-08-16T20:16:41,2018-08-17T17:23:31,76010000
682215,resolved,15,unknown,2018-08-16T13:15:17,2018-08-25T13:12:27,777430000
682187,unknown,23,"popup,crash",2018-08-16T01:12:05,2018-08-19T11:57:38,297933000
682176,unknown,38,unknown,2018-08-15T16:42:15,2018-09-06T12:02:18,1884003000
682171,resolved,5,unknown,2018-08-15T14:34:40,2018-08-19T20:45:09,367829000
682154,resolved,28,unknown,2018-08-15T00:34:30,2018-09-05T14:13:19,1863529000
682136,unknown,19,popup,2018-08-14T15:34:04,2018-08-25T11:50:05,936961000
682117,resolved,16,"slow,crash",2018-08-14T04:33:07,2018-08-23T21:42:54,839387000
682114,unknown,5,crash,2018-08-14T01:46:27,2018-08-21T12:36:27,643800000
682101,resolved,8,unknown,2018-08-13T19:57:19,2018-09-04T18:22:32,1895113000
682088,resolved,36,unknown,2018-08-13T16:09:29,2018-08-22T18:04:47,784518000
682057,unknown,4,redirect,2018-08-13T00:37:05,2018-08-19T14:14:40,567455000
682051,resolved,6,crash,2018-08-12T20:29:33,2018-09-12T05:44:51,2625318000
682047,unknown,6,"popup,crash",2018-08-12T17:43:13,2018-09-02T13:18:13,1798500000
682040,resolved,11,unknown,2018-08-12T15:24:58,2018-08-22T02:26:43,817305000
682036,unknown,7,unknown,2018-08-12T13:51:40,2018-08-14T18:10:55,188355000
682031,unknown,3,unknown,2018-08-12T11:53:56,2018-08-18T12:58:31,522275000
682021,unknown,4,crash,2018-08-12T06:37:51,2018-08-13T15:40:03,118932000
682009,unknown,19,unknown,2018-08-11T20:45:32,2018-08-19T11:55:11,659379000
682008,unknown,11,"slow,crash",2018-08-11T20:15:47,2018-08-27T12:27:32,1354305000
682004,unknown,35,unknown,2018-08-11T18:50:11,2018-08-27T17:40:25,1378214000
681997,unknown,5,unknown,2018-08-11T16:09:55,2018-08-19T01:58:13,640098000
681978,unknown,10,crash,2018-08-11T06:27:54,2018-08-13T18:02:29,214475000
681994,unknown,4,unknown,2018-08-11T05:27:56,2018-08-21T05:35:01,864425000
681950,resolved,21,unknown,2018-08-10T19:03:13,2018-09-11T19:46:18,2767385000
681940,resolved,6,unknown,2018-08-10T14:40:47,2018-08-28T02:27:10,1511183000
681917,resolved,29,"slow,crash",2018-08-10T04:23:22,2018-08-23T12:40:07,1153005000
681901,resolved,23,unknown,2018-08-09T15:21:04,2018-08-17T14:18:07,687423000
681896,resolved,3,unknown,2018-08-09T12:38:01,2018-08-10T02:24:00,49559000
681886,resolved,14,"popup,redirect",2018-08-09T05:18:51,2018-09-01T18:48:14,2035763000
681875,unknown,3,"popup,crash",2018-08-08T22:47:59,2018-08-18T22:55:01,864422000
681871,unknown,4,unknown,2018-08-08T21:48:44,2018-08-20T12:15:18,1002394000
681867,resolved,10,crash,2018-08-08T18:31:56,2018-08-13T19:16:56,434700000
681861,unknown,13,"popup,crash",2018-08-08T14:48:21,2018-09-04T13:00:07,2326306000
681854,unknown,6,"slow,crash",2018-08-08T11:03:38,2018-08-10T11:51:28,175670000
681839,unknown,6,unknown,2018-08-07T20:30:26,2018-08-16T22:14:42,783856000
681813,unknown,2,unknown,2018-08-07T01:17:47,2018-08-07T12:26:47,40140000
681811,unknown,14,unknown,2018-08-07T00:36:50,2018-08-10T11:34:41,298671000
681789,resolved,25,crash,2018-08-06T14:17:12,2018-08-17T12:43:17,944765000
681788,unknown,4,unknown,2018-08-06T14:09:26,2018-08-20T12:14:57,1202731000
681781,unknown,4,crash,2018-08-06T12:53:30,2018-08-06T17:48:14,17684000
681768,unknown,3,crash,2018-08-06T09:23:07,2018-08-16T09:30:01,864414000
681751,resolved,19,crash,2018-08-06T02:12:18,2018-08-10T18:33:59,404501000
681744,resolved,4,unknown,2018-08-05T19:37:55,2018-08-07T15:55:40,159465000
681732,unknown,4,crash,2018-08-05T12:52:03,2018-08-07T10:52:39,165636000
681727,resolved,6,redirect,2018-08-05T09:58:44,2018-08-13T14:21:43,706979000
681718,unknown,9,crash,2018-08-05T03:25:29,2018-08-21T14:01:12,1420543000
681681,unknown,9,"slow,crash",2018-08-04T10:54:44,2018-08-11T11:55:27,608443000
681671,resolved,7,unknown,2018-08-04T03:28:28,2018-08-07T07:34:41,273973000
681668,unknown,8,redirect,2018-08-04T01:59:48,2018-08-08T11:30:41,379853000
681659,resolved,13,redirect,2018-08-03T22:05:35,2018-08-12T13:31:42,746767000
681658,resolved,6,unknown,2018-08-03T21:42:01,2018-08-11T02:50:49,623328000
681645,unknown,24,unknown,2018-08-03T16:34:06,2018-08-28T13:39:07,2149501000
681642,resolved,24,unknown,2018-08-03T14:46:57,2018-08-28T13:38:14,2155877000
681627,resolved,44,unknown,2018-08-03T05:53:46,2018-08-25T16:44:23,1939837000
681616,unknown,4,unknown,2018-08-03T00:29:45,2018-08-08T13:33:57,479052000
681584,unknown,23,unknown,2018-08-02T13:53:55,2018-08-06T12:04:45,339050000
681577,unknown,5,unknown,2018-08-02T10:48:16,2018-08-04T12:04:38,177382000
681560,unknown,3,unknown,2018-08-02T04:30:38,2018-08-08T12:27:26,547008000
681559,unknown,7,redirect,2018-08-02T03:31:45,2018-08-07T09:42:03,454218000
681539,resolved,14,"slow,popup",2018-08-01T17:09:17,2018-08-05T13:15:00,331543000
681537,resolved,20,redirect,2018-08-01T16:32:13,2018-08-10T13:36:34,767061000
681505,unknown,17,unknown,2018-08-01T02:44:51,2018-08-08T21:18:20,671609000
681502,unknown,15,slow,2018-08-01T01:35:06,2018-08-05T00:18:28,341002000
681459,resolved,29,"slow,redirect,crash",2018-07-31T01:55:18,2018-08-14T01:07:15,1206717000
681451,unknown,6,unknown,2018-07-30T22:06:12,2018-08-05T02:52:42,449190000
681450,unknown,11,"popup,crash",2018-07-30T21:56:19,2018-08-18T12:57:31,1609272000
681449,unknown,9,"slow,crash",2018-07-30T21:24:54,2018-08-10T13:34:57,922203000
681444,unknown,3,unknown,2018-07-30T20:33:45,2018-08-07T11:00:29,656804000
681433,unknown,4,unknown,2018-07-30T13:05:13,2018-07-31T12:45:28,85215000
681430,unknown,3,unknown,2018-07-30T11:21:08,2018-08-04T12:14:24,435196000
681422,resolved,9,"redirect,crash",2018-07-30T10:12:15,2018-08-12T13:30:32,1135097000
681412,unknown,3,unknown,2018-07-30T06:48:20,2018-08-07T11:01:09,706369000
681405,resolved,7,"redirect,crash",2018-07-29T23:06:51,2018-07-31T17:30:54,152643000
681400,unknown,6,crash,2018-07-29T21:47:37,2018-07-31T15:31:09,150212000
681392,resolved,58,unknown,2018-07-29T17:21:11,2018-08-15T23:10:01,1489730000
681377,unknown,5,unknown,2018-07-29T05:17:42,2018-08-05T13:15:29,633467000
681376,unknown,3,unknown,2018-07-29T04:25:46,2018-08-08T04:35:01,864555000
681370,unknown,8,crash,2018-07-28T23:16:09,2018-08-01T17:46:58,325849000
681363,unknown,2,"slow,redirect,crash",2018-07-28T20:02:20,2018-07-29T12:26:49,59069000
681362,unknown,5,"popup,crash",2018-07-28T19:17:33,2018-08-05T13:14:23,669410000
681361,unknown,4,unknown,2018-07-28T19:01:49,2018-08-06T13:45:51,758642000
681354,unknown,11,unknown,2018-07-28T14:23:14,2018-07-30T12:29:12,165958000
681345,unknown,14,crash,2018-07-28T09:08:07,2018-08-19T12:45:23,1913836000
681333,resolved,6,unknown,2018-07-27T23:15:17,2018-08-01T12:21:06,392749000
681328,unknown,21,unknown,2018-07-27T21:03:09,2018-08-14T01:22:22,1484353000
681316,unknown,3,unknown,2018-07-27T14:28:32,2018-08-06T14:35:01,864389000
681301,unknown,8,crash,2018-07-27T07:31:26,2018-08-03T12:37:13,623147000
681291,unknown,5,unknown,2018-07-26T23:15:07,2018-07-31T17:30:08,411301000
681284,resolved,13,unknown,2018-07-26T21:27:07,2018-08-01T14:25:59,493132000
681274,unknown,6,redirect,2018-07-26T18:16:41,2018-07-30T18:17:56,345675000
681261,resolved,12,slow,2018-07-26T13:36:21,2018-07-31T22:42:57,464796000
681248,unknown,7,"slow,redirect",2018-07-26T09:47:05,2018-08-01T12:27:20,528015000
681246,unknown,3,crash,2018-07-26T08:29:26,2018-08-01T12:27:30,532684000
681244,resolved,53,unknown,2018-07-26T08:11:07,2018-08-12T21:44:58,1517631000
681224,unknown,4,crash,2018-07-26T00:10:46,2018-07-31T13:25:50,479704000
681213,resolved,11,crash,2018-07-25T21:45:44,2018-08-02T12:30:43,657899000
681195,resolved,44,crash,2018-07-25T13:33:57,2018-08-08T19:54:42,1232445000
681183,unknown,11,slow,2018-07-25T09:16:09,2018-08-07T10:58:13,1129324000
681168,unknown,9,"slow,crash",2018-07-25T05:02:39,2018-08-02T12:38:37,718558000
681164,resolved,20,unknown,2018-07-25T01:45:42,2018-07-27T16:58:42,227580000
681156,unknown,3,unknown,2018-07-24T23:02:18,2018-08-03T23:10:01,864463000
681153,resolved,5,crash,2018-07-24T22:16:04,2018-07-26T18:51:03,160499000
681137,unknown,4,redirect,2018-07-24T16:48:44,2018-07-31T13:25:21,592597000
681102,resolved,31,unknown,2018-07-24T06:43:46,2018-08-18T13:46:53,2185387000
681084,unknown,4,unknown,2018-07-23T20:45:55,2018-08-02T20:55:01,864546000
681083,unknown,11,unknown,2018-07-23T20:33:11,2018-07-27T17:00:16,332825000
681080,resolved,13,crash,2018-07-23T20:27:24,2018-08-01T14:28:06,756042000
681073,unknown,6,unknown,2018-07-23T18:38:36,2018-07-26T23:40:51,277335000
681068,unknown,6,redirect,2018-07-23T18:07:44,2018-07-31T12:46:06,671902000
681067,unknown,6,redirect,2018-07-23T17:56:39,2018-08-04T12:10:09,1016010000
681064,unknown,6,unknown,2018-07-23T17:23:34,2018-07-25T12:35:23,155509000
681060,resolved,3,unknown,2018-07-23T15:56:18,2018-07-23T20:00:28,14650000
681051,resolved,6,unknown,2018-07-23T12:09:40,2018-07-27T02:02:33,309173000
681039,unknown,5,crash,2018-07-23T10:08:13,2018-07-29T13:35:03,530810000
681027,resolved,12,"slow,popup",2018-07-22T23:34:35,2018-08-02T12:39:29,911094000
681015,resolved,11,crash,2018-07-22T20:24:14,2018-07-25T21:06:04,261710000
681006,resolved,6,slow,2018-07-22T16:00:21,2018-08-01T10:11:19,843058000
680997,unknown,8,redirect,2018-07-22T04:40:13,2018-08-04T12:11:47,1150294000
680995,unknown,3,unknown,2018-07-22T04:19:57,2018-08-01T04:25:01,864304000
680991,unknown,8,unknown,2018-07-22T02:39:23,2018-08-01T01:41:45,860542000
680985,unknown,12,slow,2018-07-21T22:35:30,2018-07-25T13:49:30,314040000
680978,unknown,5,slow,2018-07-21T16:04:08,2018-07-31T16:10:01,864353000
680955,resolved,41,"redirect,crash",2018-07-21T06:10:26,2018-07-27T13:55:34,546308000
680951,unknown,17,redirect,2018-07-21T02:44:07,2018-08-12T11:59:26,1934119000
680933,unknown,3,unknown,2018-07-20T21:31:40,2018-07-21T11:55:21,51821000
680922,unknown,8,crash,2018-07-20T16:13:33,2018-07-27T13:59:55,596782000
680911,resolved,11,unknown,2018-07-20T11:40:08,2018-07-24T13:19:53,351585000
680899,resolved,23,"redirect,crash",2018-07-20T04:32:13,2018-07-27T16:59:36,649643000
680889,unknown,6,unknown,2018-07-19T23:20:19,2018-07-23T12:16:01,305742000
680881,unknown,7,crash,2018-07-19T21:22:52,2018-07-28T11:37:53,742501000
680880,unknown,58,slow,2018-07-19T20:49:24,2018-08-20T02:12:03,2697759000
680877,unknown,4,unknown,2018-07-19T20:08:13,2018-07-20T01:50:33,20540000
680873,resolved,28,unknown,2018-07-19T18:57:54,2018-08-01T23:06:48,1138134000
680868,unknown,35,"slow,popup,redirect,crash",2018-07-19T15:18:46,2018-08-11T11:56:03,1975037000
680857,unknown,6,popup,2018-07-19T09:22:12,2018-07-24T12:45:48,444216000
680844,resolved,29,unknown,2018-07-19T02:37:34,2018-07-24T20:38:27,496853000
680839,unknown,34,popup,2018-07-18T23:15:47,2018-08-04T03:49:01,1398794000
680830,unknown,25,unknown,2018-07-18T19:12:22,2018-07-25T23:59:24,622022000
680824,unknown,3,unknown,2018-07-18T17:44:01,2018-07-25T23:57:55,627234000
680819,unknown,3,popup,2018-07-18T15:25:25,2018-07-24T12:47:47,508942000
680795,resolved,18,unknown,2018-07-18T09:37:35,2018-08-09T19:02:32,1934697000
680746,unknown,4,redirect,2018-07-17T08:46:02,2018-07-18T11:24:35,95913000
680743,resolved,10,slow,2018-07-17T08:13:50,2018-07-23T22:25:16,569486000
680732,unknown,4,"redirect,crash",2018-07-17T04:30:51,2018-07-18T11:05:08,110057000
680727,unknown,2,unknown,2018-07-17T02:51:04,2018-07-17T12:37:25,35181000
680726,unknown,8,crash,2018-07-17T02:49:58,2018-07-23T13:23:54,556436000
680725,resolved,2,unknown,2018-07-17T02:49:33,2018-07-19T02:01:29,169916000
680722,unknown,4,unknown,2018-07-17T00:47:03,2018-07-18T11:05:48,123525000
680718,unknown,6,unknown,2018-07-16T23:22:55,2018-07-26T23:30:01,864426000
680708,unknown,2,unknown,2018-07-16T18:03:08,2018-07-16T18:05:51,163000
680707,resolved,14,unknown,2018-07-16T18:01:45,2018-08-05T00:19:03,1664238000
680703,unknown,3,crash,2018-07-16T16:59:02,2018-07-23T13:24:24,591922000
680690,unknown,5,unknown,2018-07-16T11:22:46,2018-07-30T12:57:21,1215275000
680674,unknown,4,unknown,2018-07-16T04:33:36,2018-07-20T13:28:43,377707000
680670,unknown,4,unknown,2018-07-15T23:41:21,2018-07-19T12:44:09,306168000
680665,unknown,3,unknown,2018-07-15T20:33:54,2018-07-25T20:40:01,864367000
680660,unknown,4,unknown,2018-07-15T19:39:54,2018-07-17T11:51:49,144715000
680659,unknown,3,unknown,2018-07-15T18:57:44,2018-07-22T12:58:11,583227000
680639,unknown,5,slow,2018-07-15T11:29:23,2018-07-23T11:54:15,692692000
680637,unknown,3,slow,2018-07-15T11:06:44,2018-07-25T11:15:01,864497000
680632,unknown,3,"slow,popup,redirect,crash",2018-07-15T10:02:57,2018-07-24T12:47:47,787490000
680627,unknown,3,unknown,2018-07-15T06:42:19,2018-07-25T06:50:01,864462000
680626,unknown,4,redirect,2018-07-15T04:51:35,2018-07-16T11:02:13,108638000
680619,unknown,3,"redirect,crash",2018-07-15T00:05:50,2018-07-25T00:15:01,864551000
680617,resolved,8,unknown,2018-07-14T21:41:07,2018-07-19T14:55:46,407679000
680587,unknown,4,unknown,2018-07-13T14:57:30,2018-07-16T10:58:58,244888000
680527,unknown,4,unknown,2018-07-12T13:10:28,2018-07-18T13:26:54,519386000
680510,unknown,3,crash,2018-07-12T03:56:40,2018-07-22T04:10:01,864801000
680491,unknown,3,unknown,2018-07-11T20:34:03,2018-07-21T20:40:01,864358000
680490,unknown,6,slow,2018-07-11T20:24:02,2018-07-24T12:46:36,1095754000
680489,unknown,3,unknown,2018-07-11T20:22:19,2018-07-18T11:45:16,573777000
680487,resolved,35,unknown,2018-07-11T19:24:19,2018-07-16T17:31:41,425242000
680475,resolved,31,unknown,2018-07-11T15:11:51,2018-07-14T12:59:36,251265000
680466,unknown,6,slow,2018-07-11T13:16:07,2018-07-13T12:10:21,168854000
680446,unknown,8,"popup,crash",2018-07-11T04:20:58,2018-07-29T15:00:04,1593546000
680414,unknown,43,unknown,2018-07-10T14:24:21,2018-09-11T13:17:51,5439210000
680379,unknown,3,unknown,2018-07-09T21:14:14,2018-07-19T21:20:01,864347000
680358,unknown,3,unknown,2018-07-09T15:15:32,2018-07-10T13:39:21,80629000
680340,unknown,6,unknown,2018-07-09T06:58:40,2018-07-20T16:46:39,985679000
680319,unknown,3,popup,2018-07-08T21:53:27,2018-07-16T11:52:49,655162000
680263,unknown,10,crash,2018-07-08T01:14:23,2018-07-31T12:38:30,2028247000
680249,resolved,14,unknown,2018-07-07T11:18:25,2018-07-14T09:57:22,599937000
680238,unknown,7,unknown,2018-07-07T06:13:31,2018-07-09T14:58:43,204312000
680235,unknown,26,redirect,2018-07-07T01:14:33,2018-08-19T16:26:25,3769912000
680214,unknown,13,unknown,2018-07-06T19:04:51,2018-07-17T07:09:50,907499000
680203,unknown,18,"slow,crash",2018-07-06T15:33:11,2018-07-16T11:51:52,850721000
680196,resolved,13,unknown,2018-07-06T13:35:46,2018-07-13T14:58:38,609772000
680185,unknown,22,crash,2018-07-06T10:14:12,2018-07-12T13:02:24,528492000
680173,resolved,21,crash,2018-07-06T03:16:41,2018-07-07T14:47:11,127830000
680171,unknown,4,unknown,2018-07-06T02:42:58,2018-07-25T22:14:51,1711913000
680169,unknown,7,unknown,2018-07-06T00:56:23,2018-07-20T13:29:55,1254812000
680168,unknown,51,popup,2018-07-06T00:11:05,2018-07-17T11:00:12,989347000
680147,unknown,10,unknown,2018-07-05T17:43:44,2018-07-14T12:17:34,758030000
680137,unknown,5,"redirect,crash",2018-07-05T14:19:45,2018-07-06T17:48:55,98950000
680100,resolved,9,redirect,2018-07-05T03:11:54,2018-07-13T01:09:37,683863000
680096,unknown,22,unknown,2018-07-04T23:40:11,2018-07-16T17:32:28,1014737000
680095,unknown,9,unknown,2018-07-04T22:54:22,2018-07-07T12:14:29,220807000
680090,resolved,10,unknown,2018-07-04T21:11:31,2018-07-09T07:13:37,381726000
680080,unknown,3,unknown,2018-07-04T18:23:38,2018-07-14T18:30:01,864383000
680073,unknown,9,"popup,crash",2018-07-04T13:43:03,2018-07-09T18:09:43,448000000
680119,unknown,5,unknown,2018-07-04T08:16:27,2018-07-13T12:00:22,791035000
680061,unknown,3,unknown,2018-07-04T07:54:03,2018-07-14T08:00:01,864358000
680055,resolved,7,crash,2018-07-04T06:40:36,2018-07-06T00:44:23,151427000
680046,resolved,23,unknown,2018-07-04T00:31:31,2018-07-13T16:28:52,835041000
680024,unknown,8,unknown,2018-07-03T15:34:27,2018-07-20T13:23:11,1460924000
679998,unknown,4,"popup,redirect,crash",2018-07-03T04:35:37,2018-07-11T13:30:37,723300000
679995,unknown,5,unknown,2018-07-03T03:26:29,2018-07-04T11:27:19,115250000
679994,resolved,5,crash,2018-07-03T03:04:04,2018-07-15T06:12:28,1048104000
679989,unknown,8,slow,2018-07-03T00:14:03,2018-07-04T18:20:56,151613000
679983,unknown,8,redirect,2018-07-02T21:19:40,2018-07-04T12:30:16,141036000
679979,resolved,35,"redirect,crash",2018-07-02T20:04:56,2018-07-25T21:49:33,1993477000
679950,resolved,27,"slow,crash",2018-07-02T08:40:31,2018-07-13T01:09:09,923318000
679947,unknown,2,crash,2018-07-02T07:20:11,2018-07-02T12:49:59,19788000
679912,unknown,3,unknown,2018-07-01T10:54:01,2018-07-07T12:55:05,525664000
679900,unknown,11,crash,2018-07-01T00:43:29,2018-07-10T13:22:23,823134000
679889,resolved,7,crash,2018-06-30T19:24:26,2018-07-06T21:54:37,527411000
679879,resolved,10,"slow,redirect",2018-06-30T13:58:26,2018-07-19T15:22:30,1646644000
679878,unknown,12,unknown,2018-06-30T13:57:38,2018-07-09T15:15:35,782277000
679862,resolved,5,"slow,crash",2018-06-30T01:33:53,2018-07-04T01:52:02,346689000
679852,unknown,12,unknown,2018-06-29T23:08:16,2018-07-04T18:26:25,415089000
679837,unknown,12,popup,2018-06-29T15:12:01,2018-07-04T11:22:38,418237000
679806,unknown,16,unknown,2018-06-29T02:30:03,2018-07-09T15:01:39,909096000
679804,unknown,3,unknown,2018-06-29T01:18:08,2018-07-09T01:25:01,864413000
679803,unknown,11,unknown,2018-06-28T23:57:22,2018-07-10T11:40:06,992564000
679787,unknown,3,crash,2018-06-28T18:04:00,2018-07-06T13:24:29,674429000
679744,unknown,11,"slow,popup,crash",2018-06-27T23:36:57,2018-06-29T18:19:01,153724000
679739,unknown,5,redirect,2018-06-27T22:05:38,2018-07-04T12:42:38,571020000
679733,unknown,3,unknown,2018-06-27T18:47:25,2018-07-04T12:36:19,582534000
679728,resolved,31,popup,2018-06-27T17:38:10,2018-07-02T18:59:58,436908000
679727,unknown,6,unknown,2018-06-27T17:32:56,2018-07-06T07:44:45,742309000
679723,unknown,4,unknown,2018-06-27T13:27:29,2018-07-06T07:45:14,757065000
679713,unknown,10,redirect,2018-06-27T09:49:47,2018-06-30T12:38:25,269318000
679660,unknown,9,crash,2018-06-26T05:49:31,2018-06-28T11:32:42,193391000
679653,unknown,5,crash,2018-06-26T01:05:05,2018-07-06T01:15:01,864596000
679652,unknown,3,unknown,2018-06-25T23:39:20,2018-07-02T12:43:52,565472000
679640,unknown,5,slow,2018-06-25T19:45:11,2018-07-03T12:37:46,665555000
679586,unknown,6,unknown,2018-06-25T03:27:59,2018-06-26T17:43:16,137717000
679562,resolved,11,unknown,2018-06-24T09:37:31,2018-06-25T14:07:33,102602000
679556,unknown,6,unknown,2018-06-24T05:01:03,2018-06-25T13:47:52,118009000
679555,resolved,16,unknown,2018-06-24T04:12:16,2018-07-02T07:36:56,703480000
679550,unknown,5,unknown,2018-06-24T01:27:14,2018-07-11T13:01:39,1510465000
679549,unknown,6,unknown,2018-06-24T01:18:56,2018-06-24T18:09:17,60621000
679548,unknown,3,crash,2018-06-24T01:14:20,2018-06-30T12:38:57,559477000
679542,unknown,4,slow,2018-06-23T21:27:06,2018-06-30T12:38:57,573111000
679541,resolved,61,unknown,2018-06-23T21:24:11,2018-07-22T20:24:12,2502001000
679527,unknown,14,unknown,2018-06-23T16:05:51,2018-07-05T13:26:06,1027215000
679513,unknown,5,"slow,crash",2018-06-23T11:00:58,2018-07-10T17:09:54,1490936000
679509,unknown,4,slow,2018-06-23T08:05:33,2018-06-28T11:39:47,444854000
679506,unknown,3,unknown,2018-06-23T06:29:06,2018-06-29T11:45:15,537369000
679482,unknown,14,slow,2018-06-22T15:42:13,2018-07-11T13:29:20,1633627000
679478,unknown,3,"slow,crash",2018-06-22T14:37:18,2018-07-02T14:45:01,864463000
679466,unknown,63,crash,2018-06-22T12:18:10,2018-07-31T12:33:22,3370512000
679442,unknown,8,unknown,2018-06-22T02:08:18,2018-06-23T11:50:24,121326000
679427,unknown,3,redirect,2018-06-21T22:11:18,2018-06-29T11:45:15,653637000
679414,resolved,5,unknown,2018-06-21T16:40:44,2018-06-22T14:40:54,79210000
679388,unknown,8,crash,2018-06-21T05:38:43,2018-06-25T13:40:55,374532000
679382,unknown,4,"slow,crash",2018-06-21T01:01:47,2018-07-01T01:10:01,864494000
679381,unknown,3,unknown,2018-06-21T00:41:51,2018-06-27T12:26:33,560682000
679376,resolved,32,unknown,2018-06-20T21:47:53,2018-07-27T23:04:45,3201412000
679333,resolved,19,redirect,2018-06-19T20:09:19,2018-07-23T11:53:24,2907845000
679324,unknown,3,crash,2018-06-19T15:38:24,2018-06-29T15:45:01,864397000
679305,unknown,2,unknown,2018-06-19T09:38:04,2018-06-19T09:43:13,309000
679290,unknown,6,unknown,2018-06-19T02:37:54,2018-07-05T22:33:11,1454117000
679283,resolved,12,unknown,2018-06-18T23:12:07,2018-06-21T19:36:40,246273000
679275,unknown,9,unknown,2018-06-18T19:18:41,2018-06-23T11:52:05,405204000
679253,resolved,7,"popup,redirect,crash",2018-06-18T11:25:06,2018-07-05T13:18:58,1475632000
679244,resolved,7,"slow,crash",2018-06-18T07:09:03,2018-07-02T14:13:56,1235093000
679228,resolved,10,unknown,2018-06-17T21:14:46,2018-06-25T14:30:41,666955000
679198,resolved,13,slow,2018-06-17T04:55:40,2018-07-05T22:27:05,1618285000
679191,unknown,5,unknown,2018-06-16T23:02:32,2018-06-23T11:53:14,564642000
679188,unknown,7,"popup,crash",2018-06-16T22:00:48,2018-07-02T21:04:56,1379048000
679172,resolved,9,slow,2018-06-16T13:23:06,2018-06-17T20:03:10,110404000
679169,unknown,13,unknown,2018-06-16T12:17:59,2018-07-13T09:16:03,2321884000
679167,resolved,11,unknown,2018-06-16T11:51:29,2018-06-17T14:13:17,94908000
679165,resolved,3,unknown,2018-06-16T11:41:46,2018-06-16T12:15:15,2009000
679153,unknown,5,unknown,2018-06-16T01:30:48,2018-07-05T22:31:15,1717227000
679150,resolved,330,unknown,2018-06-15T23:42:28,2018-07-18T00:06:23,2766235000
679141,unknown,8,"redirect,crash",2018-06-15T19:18:12,2018-06-21T11:58:38,492026000
679138,unknown,19,crash,2018-06-15T18:41:36,2018-07-09T19:38:54,2077038000
679132,unknown,4,unknown,2018-06-15T15:27:47,2018-06-22T12:24:58,593831000
679130,resolved,7,slow,2018-06-15T14:02:32,2018-06-17T17:57:15,186883000
679119,unknown,3,redirect,2018-06-15T12:06:40,2018-06-22T11:46:33,603593000
679115,unknown,36,crash,2018-06-15T09:32:01,2018-07-03T06:00:53,1542532000
679110,unknown,5,unknown,2018-06-15T07:51:04,2018-06-25T13:01:00,882596000
679105,unknown,7,unknown,2018-06-15T06:02:36,2018-06-17T13:24:52,199336000
679099,resolved,10,unknown,2018-06-15T02:01:53,2018-07-05T07:15:46,1746833000
679098,unknown,2,popup,2018-06-15T01:04:43,2018-06-15T03:21:32,8209000
679096,unknown,3,popup,2018-06-15T01:00:37,2018-06-15T03:14:45,8048000
679091,unknown,3,unknown,2018-06-14T23:48:15,2018-06-22T11:46:33,647898000
679076,unknown,3,unknown,2018-06-14T15:20:49,2018-06-14T15:22:32,103000
679073,unknown,6,popup,2018-06-14T14:21:56,2018-06-16T05:46:51,141895000
679070,resolved,5,crash,2018-06-14T12:18:43,2018-06-19T13:10:13,435090000
679058,unknown,6,"popup,crash",2018-06-14T03:41:02,2018-06-17T13:22:52,294110000
679053,resolved,31,unknown,2018-06-13T23:09:03,2018-06-23T21:33:36,858273000
679046,unknown,18,crash,2018-06-13T21:08:09,2018-06-25T03:35:18,973629000
679031,unknown,5,redirect,2018-06-13T10:00:58,2018-06-23T10:10:01,864543000
679021,unknown,11,popup,2018-06-13T02:03:25,2018-07-26T00:04:28,3708063000
679020,unknown,8,unknown,2018-06-13T01:47:29,2018-06-22T12:24:55,815846000
679018,unknown,3,crash,2018-06-13T01:42:55,2018-06-23T01:50:01,864426000
679016,unknown,12,redirect,2018-06-13T01:04:34,2018-06-16T15:53:29,312535000
679014,unknown,14,crash,2018-06-12T23:50:06,2018-06-22T11:34:15,819849000
679010,unknown,13,crash,2018-06-12T21:29:43,2018-06-22T12:24:51,831308000
678993,resolved,58,popup,2018-06-12T16:03:25,2018-07-29T15:00:52,4057047000
678983,unknown,3,redirect,2018-06-12T13:56:32,2018-06-19T13:54:12,604660000
678977,unknown,2,"popup,crash",2018-06-12T11:13:36,2018-06-12T12:59:59,6383000
678976,resolved,9,"popup,crash",2018-06-12T11:12:12,2018-06-28T07:00:11,1367279000
678974,unknown,4,unknown,2018-06-12T09:57:13,2018-06-13T17:51:54,114881000
678971,resolved,13,unknown,2018-06-12T08:59:22,2018-06-13T11:56:34,97032000
678965,resolved,10,"slow,redirect",2018-06-12T02:09:52,2018-06-25T00:27:58,1117086000
678964,resolved,18,slow,2018-06-12T01:37:01,2018-07-14T14:06:11,2809750000
678953,unknown,3,crash,2018-06-11T16:03:56,2018-06-16T05:44:41,394845000
678952,resolved,3,redirect,2018-06-11T15:57:36,2018-06-13T02:45:07,125251000
678903,unknown,3,unknown,2018-06-11T11:35:39,2018-06-17T13:52:53,526634000
678894,unknown,10,crash,2018-06-11T01:35:14,2018-06-14T12:23:54,298120000
678891,resolved,39,crash,2018-06-11T00:52:38,2018-06-25T13:01:50,1253352000
678884,resolved,40,unknown,2018-06-10T20:06:07,2018-06-28T19:08:56,1551769000
678873,unknown,3,"slow,popup,crash",2018-06-10T16:46:34,2018-06-17T13:52:53,594379000
678868,unknown,10,unknown,2018-06-10T15:48:03,2018-06-15T12:23:09,419706000
678859,unknown,6,"slow,popup,crash",2018-06-10T09:49:24,2018-06-11T11:26:38,92234000
678839,unknown,11,unknown,2018-06-09T23:25:49,2018-07-02T12:43:42,1948673000
678831,resolved,17,popup,2018-06-09T20:30:56,2018-06-15T15:38:00,500824000
678824,unknown,9,unknown,2018-06-09T14:17:15,2018-06-23T12:34:00,1203405000
678804,unknown,16,"redirect,crash",2018-06-09T05:30:45,2018-06-16T01:00:30,588585000
678799,resolved,9,unknown,2018-06-08T21:58:33,2018-06-10T02:41:07,103354000
678795,resolved,7,crash,2018-06-08T19:46:02,2018-06-12T13:29:18,322996000
678785,resolved,63,unknown,2018-06-08T16:49:26,2018-07-17T21:02:10,3384764000
678716,resolved,5,unknown,2018-06-07T03:39:42,2018-06-15T00:17:44,679082000
678713,unknown,3,redirect,2018-06-06T22:45:54,2018-06-14T13:58:32,659558000
678680,resolved,12,unknown,2018-06-06T08:16:58,2018-06-10T02:42:49,325551000
678651,resolved,25,crash,2018-06-05T19:11:41,2018-06-17T11:07:18,1007737000
678635,unknown,5,unknown,2018-06-05T15:49:42,2018-07-11T13:29:58,3102016000
678633,unknown,6,unknown,2018-06-05T15:07:52,2018-06-19T13:53:39,1205147000
678610,unknown,7,slow,2018-06-05T01:26:32,2018-06-15T12:21:25,903293000
678609,unknown,16,slow,2018-06-04T23:46:17,2018-06-27T14:06:45,1952428000
678602,resolved,62,"slow,popup,crash",2018-06-04T21:43:04,2018-07-01T23:09:36,2337992000
678599,unknown,4,unknown,2018-06-04T21:29:08,2018-06-05T17:52:15,73387000
678596,resolved,14,"popup,crash",2018-06-04T18:33:16,2018-06-06T15:11:46,160710000
678585,unknown,6,unknown,2018-06-04T09:28:01,2018-06-06T15:17:59,193798000
678543,unknown,8,redirect,2018-06-03T08:22:50,2018-06-05T17:51:32,206922000
678532,unknown,11,unknown,2018-06-02T21:03:22,2018-07-31T23:49:03,5107541000
678528,resolved,11,redirect,2018-06-02T19:04:54,2018-06-04T23:17:24,187950000
678501,unknown,6,"popup,crash",2018-06-02T03:19:54,2018-06-03T11:38:45,116331000
678496,resolved,14,"redirect,crash",2018-06-02T01:05:00,2018-06-04T23:10:07,252307000
678459,unknown,12,"redirect,crash",2018-06-01T03:58:21,2018-06-16T05:44:09,1302348000
678456,unknown,3,unknown,2018-06-01T02:43:41,2018-06-13T17:20:01,1089380000
678441,resolved,14,crash,2018-05-31T20:03:30,2018-06-01T20:36:25,88375000
678437,resolved,31,unknown,2018-05-31T17:42:22,2018-06-04T23:18:08,365746000
678398,resolved,12,unknown,2018-05-30T23:34:25,2018-06-12T13:40:06,1087541000
678386,resolved,17,crash,2018-05-30T19:48:11,2018-06-06T15:12:17,588246000
678384,resolved,36,popup,2018-05-30T19:26:03,2018-09-06T22:24:49,8564326000
678381,resolved,138,unknown,2018-05-30T19:14:01,2018-09-10T13:08:07,8877246000
678283,unknown,8,"slow,redirect,crash",2018-05-29T05:16:53,2018-06-12T12:35:45,1235932000
678265,unknown,3,"popup,crash",2018-05-28T21:22:30,2018-06-07T21:30:01,864451000
678253,unknown,16,crash,2018-05-28T16:14:43,2018-07-15T14:21:00,4140377000
678231,unknown,3,unknown,2018-05-28T02:49:04,2018-06-07T02:55:01,864357000
678226,unknown,10,unknown,2018-05-28T02:12:36,2018-06-03T21:32:15,587979000
678222,resolved,11,popup,2018-05-28T00:23:49,2018-05-30T13:28:50,219901000
678198,unknown,4,unknown,2018-05-27T13:03:40,2018-05-28T11:41:34,81474000
678179,unknown,9,unknown,2018-05-27T01:23:48,2018-05-29T11:26:04,208936000
678166,resolved,26,unknown,2018-05-26T19:14:54,2018-06-18T12:39:57,1963503000
678130,resolved,10,"popup,crash",2018-05-25T23:25:29,2018-05-29T16:32:30,320821000
678125,resolved,7,unknown,2018-05-25T20:53:20,2018-05-27T12:35:13,142913000
678120,unknown,6,crash,2018-05-25T18:46:34,2018-07-15T14:24:40,4390686000
678073,unknown,18,unknown,2018-05-25T03:22:40,2018-06-09T15:52:54,1341014000
678044,resolved,20,slow,2018-05-24T17:05:18,2018-06-10T02:39:42,1416864000
677987,resolved,9,slow,2018-05-23T17:54:57,2018-05-25T17:43:37,172120000
677985,resolved,5,unknown,2018-05-23T16:59:58,2018-05-27T22:53:19,366801000
677921,unknown,9,unknown,2018-05-22T14:38:31,2018-05-31T13:05:34,772023000
677906,unknown,6,redirect,2018-05-22T05:54:23,2018-05-30T11:38:59,711876000
677894,resolved,111,"slow,redirect",2018-05-22T04:40:58,2018-06-25T12:59:47,2967529000
677871,unknown,13,redirect,2018-05-21T18:29:46,2018-06-01T00:26:07,885381000
677842,unknown,3,unknown,2018-05-21T10:28:19,2018-05-27T11:09:57,520898000
677841,unknown,17,unknown,2018-05-21T10:24:18,2018-06-22T10:33:59,2765381000
677820,unknown,4,unknown,2018-05-21T00:44:55,2018-07-15T14:23:21,4801106000
677816,unknown,3,unknown,2018-05-20T23:37:48,2018-05-27T11:09:57,559929000
677807,unknown,3,unknown,2018-05-20T20:59:22,2018-05-26T17:56:25,507423000
677778,resolved,27,slow,2018-05-20T13:28:17,2018-06-02T21:40:00,1152703000
677762,unknown,1,unknown,2018-05-20T04:26:01,2018-05-20T04:26:01,0
677761,unknown,16,"redirect,crash",2018-05-20T04:23:23,2018-05-30T15:20:02,903399000
677730,unknown,10,popup,2018-05-19T14:16:13,2018-05-26T13:15:26,601153000
677703,unknown,3,"popup,redirect,crash",2018-05-18T22:02:03,2018-05-19T13:36:06,56043000
677688,resolved,7,unknown,2018-05-18T16:57:06,2018-05-21T14:36:32,250766000
677680,unknown,4,redirect,2018-05-18T13:45:37,2018-05-20T11:42:10,165393000
677618,resolved,29,"slow,crash",2018-05-17T08:09:01,2018-06-10T02:47:47,2054326000
677600,unknown,8,unknown,2018-05-17T00:10:17,2018-05-22T12:11:13,475256000
677585,unknown,30,slow,2018-05-16T19:34:00,2018-05-30T11:44:22,1181422000
677581,resolved,167,unknown,2018-05-16T18:09:31,2018-07-12T17:22:41,4921990000
677542,unknown,6,redirect,2018-05-16T03:20:23,2018-05-19T11:48:15,289672000
677540,unknown,21,"slow,popup,redirect,crash",2018-05-16T02:27:08,2018-05-31T13:20:38,1335210000
677525,unknown,2,redirect,2018-05-15T21:28:55,2018-05-15T21:48:13,1158000
677497,unknown,8,unknown,2018-05-15T09:07:08,2018-06-01T21:05:49,1511921000
677480,resolved,11,"slow,popup,redirect",2018-05-14T22:37:37,2018-05-29T14:10:32,1265575000
677477,unknown,20,redirect,2018-05-14T22:09:08,2018-06-01T13:21:39,1523551000
677465,resolved,12,redirect,2018-05-14T17:19:42,2018-05-15T20:33:27,98025000
677461,unknown,2,unknown,2018-05-14T15:33:39,2018-05-14T15:42:30,531000
677414,resolved,19,"slow,popup,crash",2018-05-13T15:39:37,2018-05-16T00:23:41,204244000
677391,resolved,52,slow,2018-05-13T05:30:22,2018-05-30T12:15:30,1493108000
677366,resolved,15,crash,2018-05-12T16:49:25,2018-05-25T13:39:30,1111805000
677358,unknown,38,unknown,2018-05-12T13:42:38,2018-06-18T17:37:55,3210917000
677329,unknown,14,crash,2018-05-12T01:52:19,2018-05-17T11:09:14,465415000
677320,unknown,6,slow,2018-05-11T22:25:39,2018-05-25T11:26:02,1170023000
677302,unknown,18,unknown,2018-05-11T14:22:52,2018-05-17T13:21:36,514724000
677195,unknown,9,"popup,crash",2018-05-09T21:50:11,2018-05-29T14:37:32,1702041000
677153,unknown,14,unknown,2018-05-09T04:53:36,2018-05-14T16:52:46,475150000
677120,unknown,6,unknown,2018-05-08T14:28:32,2018-05-10T12:03:49,164117000
677090,resolved,22,unknown,2018-05-08T07:23:50,2018-05-11T16:59:39,293749000
677077,unknown,12,crash,2018-05-07T21:18:40,2018-05-13T17:57:22,506322000
677073,unknown,8,unknown,2018-05-07T19:47:25,2018-05-10T12:04:56,231451000
677069,unknown,5,unknown,2018-05-07T18:36:29,2018-05-17T18:45:01,864512000
677067,unknown,12,unknown,2018-05-07T17:50:57,2018-05-11T17:59:22,346105000
677050,unknown,43,"redirect,crash",2018-05-07T12:23:35,2018-05-27T04:37:28,1700033000
677049,unknown,2,"redirect,crash",2018-05-07T12:22:12,2018-05-07T12:41:52,1180000
676986,resolved,15,unknown,2018-05-06T17:43:54,2018-05-19T16:18:53,1118099000
676970,resolved,11,unknown,2018-05-06T06:37:42,2018-05-08T23:27:58,233416000
676941,unknown,11,popup,2018-05-05T16:45:50,2018-05-29T11:24:46,2054336000
676935,resolved,8,"slow,redirect",2018-05-05T14:01:33,2018-05-07T18:48:03,189990000
676865,resolved,23,unknown,2018-05-04T06:58:25,2018-05-13T14:36:43,805098000
676858,unknown,8,unknown,2018-05-04T01:19:15,2018-05-06T12:17:47,212312000
676803,unknown,4,crash,2018-05-03T04:34:34,2018-05-13T04:40:01,864327000
676796,unknown,6,unknown,2018-05-03T01:49:58,2018-05-13T01:55:01,864303000
676792,unknown,13,unknown,2018-05-02T23:54:19,2018-05-14T13:52:17,1000678000
676790,resolved,25,unknown,2018-05-02T23:41:00,2018-05-18T15:36:39,1353339000
676789,resolved,17,unknown,2018-05-02T23:20:54,2018-05-11T16:51:15,754221000
676787,unknown,4,"redirect,crash",2018-05-02T21:20:10,2018-05-10T19:50:55,685845000
676776,resolved,7,unknown,2018-05-02T17:05:11,2018-05-03T12:59:47,71676000
676749,resolved,33,"popup,redirect,crash",2018-05-02T07:39:43,2018-06-30T16:09:00,5128157000
676744,unknown,7,"slow,crash",2018-05-02T03:38:40,2018-05-05T04:33:40,262500000
676729,unknown,6,unknown,2018-05-01T20:28:37,2018-05-09T11:49:26,660049000
676718,unknown,10,"slow,crash",2018-05-01T14:46:34,2018-05-29T14:38:57,2418743000
676715,unknown,19,"slow,crash",2018-05-01T14:32:50,2018-06-29T13:21:03,5093293000
676695,resolved,25,slow,2018-05-01T01:47:57,2018-05-11T16:14:43,916006000
676694,resolved,29,popup,2018-04-30T23:17:14,2018-05-06T11:04:09,474415000
676673,resolved,13,"slow,popup,crash",2018-04-30T14:45:51,2018-05-07T18:51:06,619515000
676689,unknown,3,unknown,2018-04-30T13:19:42,2018-05-07T12:33:39,602037000
676633,unknown,4,slow,2018-04-30T02:11:20,2018-05-06T13:14:50,558210000
676630,unknown,14,unknown,2018-04-30T01:27:19,2018-05-29T11:31:48,2541869000
676620,resolved,19,"redirect,crash",2018-04-29T23:50:27,2018-05-23T19:00:41,2056214000
676604,unknown,14,redirect,2018-04-29T17:22:21,2018-05-06T12:24:05,586904000
676595,unknown,28,unknown,2018-04-29T14:32:04,2018-05-24T22:10:29,2187505000
676583,unknown,11,redirect,2018-04-29T09:12:49,2018-05-14T12:05:26,1306357000
676565,unknown,4,"slow,redirect,crash",2018-04-29T01:04:28,2018-05-04T16:38:37,488049000
676552,resolved,12,unknown,2018-04-28T17:54:43,2018-05-03T20:30:07,441324000
676550,unknown,22,crash,2018-04-28T17:12:12,2018-05-03T17:24:41,432749000
676502,unknown,7,unknown,2018-04-27T19:55:18,2018-05-05T13:13:12,667074000
676486,resolved,54,"redirect,crash",2018-04-27T11:35:59,2018-06-19T04:58:31,4555352000
676478,resolved,25,"slow,crash",2018-04-27T08:55:06,2018-05-07T16:46:39,892293000
676464,unknown,3,unknown,2018-04-26T23:13:25,2018-05-06T23:20:01,864396000
676444,unknown,11,redirect,2018-04-26T14:56:30,2018-05-11T13:58:54,1292544000
676396,resolved,39,crash,2018-04-25T20:34:31,2018-05-13T18:55:56,1549285000
676395,unknown,29,popup,2018-04-25T20:05:55,2018-05-10T10:00:02,1259647000
676393,resolved,5,crash,2018-04-25T19:41:26,2018-04-29T02:50:02,284916000
676351,unknown,38,"slow,redirect,crash",2018-04-25T06:20:18,2018-06-05T12:49:57,3565779000
676312,resolved,27,unknown,2018-04-24T17:12:59,2018-04-27T15:34:07,253268000
676267,unknown,9,unknown,2018-04-24T04:05:34,2018-04-26T11:54:05,200911000
676250,unknown,3,"redirect,crash",2018-04-23T17:50:01,2018-05-03T18:00:01,864600000
676248,resolved,16,redirect,2018-04-23T17:29:04,2018-05-04T16:56:55,948471000
676210,unknown,4,unknown,2018-04-23T05:16:58,2018-05-03T05:25:02,864484000
676209,unknown,7,unknown,2018-04-23T04:28:34,2018-05-16T13:35:10,2019996000
676187,unknown,12,unknown,2018-04-22T17:10:07,2018-05-02T18:43:53,869626000
676100,unknown,26,slow,2018-04-21T03:27:37,2018-05-14T12:06:02,2018305000
676096,unknown,14,"redirect,crash",2018-04-21T01:02:35,2018-05-05T16:46:38,1266243000
676093,resolved,22,redirect,2018-04-20T23:35:28,2018-05-26T13:15:51,3073223000
676084,unknown,2,"popup,crash",2018-04-20T21:17:02,2018-04-21T01:41:52,15890000
676083,unknown,11,"popup,crash",2018-04-20T21:16:12,2018-05-02T18:44:49,1027717000
676063,resolved,17,crash,2018-04-20T11:41:28,2018-04-24T16:07:59,361591000
676052,unknown,3,unknown,2018-04-20T07:41:22,2018-04-27T11:56:19,620097000
676041,resolved,28,unknown,2018-04-20T04:22:38,2018-04-23T16:06:40,301442000
676028,resolved,51,"redirect,crash",2018-04-19T23:27:52,2018-05-20T13:48:24,2643632000
675981,unknown,12,"redirect,crash",2018-04-19T00:17:25,2018-04-27T13:12:08,737683000
675967,unknown,6,unknown,2018-04-18T18:27:24,2018-04-20T11:44:51,148647000
675961,resolved,16,"popup,redirect,crash",2018-04-18T16:19:46,2018-05-05T00:52:14,1413148000
675953,resolved,81,redirect,2018-04-18T13:27:34,2018-05-26T13:16:16,3282522000
675938,unknown,8,unknown,2018-04-18T09:52:59,2018-04-20T11:45:50,179571000
675889,resolved,1,unknown,2018-04-17T18:23:49,2018-04-17T18:23:49,0
675885,resolved,1,unknown,2018-04-17T18:01:55,2018-04-17T18:01:55,0
675884,resolved,37,unknown,2018-04-17T17:59:35,2018-04-26T13:56:17,763002000
675858,resolved,3,unknown,2018-04-17T13:41:40,2018-04-17T18:20:54,16754000
675766,unknown,7,unknown,2018-04-17T07:54:26,2018-04-18T12:11:17,101811000
675752,resolved,1,unknown,2018-04-17T03:53:20,2018-04-17T03:53:20,0
675751,unknown,3,unknown,2018-04-17T02:36:15,2018-04-27T11:56:19,897604000
675741,unknown,10,crash,2018-04-16T22:52:57,2018-04-23T13:26:23,570806000
675739,resolved,17,crash,2018-04-16T22:37:49,2018-04-22T12:12:49,480900000
675730,resolved,26,unknown,2018-04-16T20:47:08,2018-05-02T18:46:06,1375138000
675720,resolved,6,"redirect,crash",2018-04-16T17:21:36,2018-05-09T04:33:57,1941141000
675651,unknown,20,unknown,2018-04-16T05:42:43,2018-04-29T13:46:25,1152222000
675645,unknown,23,unknown,2018-04-15T23:05:52,2018-04-24T11:38:18,736346000
675627,resolved,13,unknown,2018-04-15T14:29:55,2018-04-23T12:28:52,683937000
675603,resolved,38,unknown,2018-04-15T03:13:13,2018-06-09T15:59:28,4797975000
675602,resolved,22,unknown,2018-04-15T02:59:37,2018-04-22T12:52:36,640379000
675578,resolved,11,unknown,2018-04-14T18:48:39,2018-04-17T18:46:09,259050000
675570,resolved,12,"slow,redirect,crash",2018-04-14T17:55:48,2018-04-17T16:43:05,254837000
675536,unknown,37,"slow,popup,redirect,crash",2018-04-14T09:45:31,2018-05-11T15:10:11,2352280000
675461,unknown,3,unknown,2018-04-13T05:27:40,2018-04-20T13:04:52,632232000
675452,unknown,7,unknown,2018-04-13T04:22:03,2018-05-09T04:33:43,2247100000
675448,resolved,31,crash,2018-04-13T02:14:12,2018-05-22T01:32:15,3367083000
675400,unknown,15,unknown,2018-04-12T09:59:51,2018-09-03T14:17:27,12457056000
675380,unknown,5,"popup,crash",2018-04-12T07:28:50,2018-04-17T09:34:34,439544000
675358,resolved,22,"popup,crash",2018-04-11T19:17:05,2018-04-23T22:34:51,1048666000
675357,unknown,2,"popup,crash",2018-04-11T19:14:42,2018-04-11T19:54:46,2404000
675355,unknown,7,unknown,2018-04-11T18:54:02,2018-04-21T15:03:51,850189000
675354,unknown,7,"popup,crash",2018-04-11T18:40:34,2018-04-22T12:51:51,929477000
675343,unknown,5,unknown,2018-04-11T14:41:28,2018-04-21T14:50:01,864513000
675322,unknown,8,"redirect,crash",2018-04-11T09:05:16,2018-04-16T18:53:23,467287000
675320,unknown,1,unknown,2018-04-11T08:58:29,2018-04-11T08:58:29,0
675293,unknown,4,unknown,2018-04-11T04:45:14,2018-04-13T11:37:30,197536000
675286,resolved,61,crash,2018-04-11T01:12:13,2018-05-22T01:31:20,3543547000
675250,resolved,5,"slow,crash",2018-04-10T17:05:44,2018-04-13T21:46:41,276057000
675236,resolved,4,unknown,2018-04-10T14:32:08,2018-04-11T13:45:07,83579000
675230,unknown,3,unknown,2018-04-10T12:16:32,2018-04-16T12:17:31,518459000
675197,unknown,5,"slow,crash",2018-04-10T04:32:21,2018-04-15T18:23:27,481866000
675194,resolved,45,slow,2018-04-10T02:50:12,2018-04-19T09:56:05,803153000
675178,resolved,75,crash,2018-04-09T21:20:04,2018-06-19T13:30:13,6106209000
675173,unknown,5,unknown,2018-04-09T18:25:54,2018-04-15T18:24:37,518323000
675167,unknown,3,crash,2018-04-09T17:52:03,2018-04-15T11:54:52,496969000
675493,unknown,19,unknown,2018-04-09T15:18:10,2018-05-02T18:45:26,1999636000
675153,unknown,14,unknown,2018-04-09T14:43:31,2018-04-30T00:48:33,1764302000
675145,resolved,9,unknown,2018-04-09T13:36:18,2018-04-15T19:36:29,540011000
675106,unknown,16,unknown,2018-04-08T22:18:36,2018-04-18T15:32:46,839650000
675093,unknown,9,slow,2018-04-08T19:19:04,2018-04-21T17:44:41,1117537000
675091,unknown,9,unknown,2018-04-08T19:04:29,2018-04-21T15:15:01,1109432000
675086,unknown,9,redirect,2018-04-08T15:18:01,2018-04-14T16:45:53,523672000
675063,unknown,4,slow,2018-04-08T04:08:13,2018-04-15T18:25:09,656216000
675062,unknown,22,unknown,2018-04-08T03:38:31,2018-04-18T13:57:58,901167000
675056,unknown,4,unknown,2018-04-08T01:20:26,2018-04-14T02:55:16,524090000
675053,unknown,5,unknown,2018-04-08T00:43:35,2018-04-20T13:04:31,1081256000
675036,unknown,10,popup,2018-04-07T17:54:09,2018-04-14T02:58:03,551034000
675032,resolved,43,unknown,2018-04-07T17:01:36,2018-05-02T17:25:53,2161457000
675025,resolved,31,unknown,2018-04-07T14:48:24,2018-04-10T13:08:46,253222000
675024,unknown,7,slow,2018-04-07T14:18:47,2018-04-12T12:13:27,424480000
674973,resolved,7,crash,2018-04-06T19:14:15,2018-04-07T19:54:28,88813000
674935,unknown,32,unknown,2018-04-06T08:25:22,2018-04-24T12:11:53,1568791000
674929,unknown,3,redirect,2018-04-06T06:37:31,2018-04-12T13:02:41,541510000
674891,resolved,10,unknown,2018-04-05T13:50:01,2018-04-10T02:43:54,392033000
674889,resolved,10,"slow,redirect",2018-04-05T13:19:35,2018-04-07T04:17:43,140288000
674844,resolved,8,"slow,redirect",2018-04-05T04:19:03,2018-04-06T16:32:15,130392000
674837,resolved,14,redirect,2018-04-05T00:13:04,2018-04-10T13:08:41,478537000
674831,resolved,22,unknown,2018-04-04T22:31:50,2018-04-09T18:11:32,416382000
674822,resolved,22,unknown,2018-04-04T19:27:01,2018-04-06T02:12:40,110739000
674816,resolved,14,"popup,redirect",2018-04-04T17:40:19,2018-04-22T12:53:06,1537967000
674781,unknown,6,popup,2018-04-04T10:17:41,2018-04-05T12:10:34,93173000
674749,unknown,10,"popup,redirect,crash",2018-04-04T00:16:14,2018-04-08T12:29:13,389579000
674732,unknown,4,unknown,2018-04-03T15:59:29,2018-04-04T12:09:48,72619000
674715,resolved,9,unknown,2018-04-03T09:41:19,2018-05-06T22:48:12,2898413000
674713,resolved,26,"popup,redirect",2018-04-03T09:27:58,2018-04-24T09:28:34,1814436000
674706,unknown,3,unknown,2018-04-03T09:10:19,2018-04-13T09:20:01,864582000
674693,unknown,12,unknown,2018-04-03T05:05:23,2018-04-18T15:32:43,1333640000
674677,resolved,25,crash,2018-04-02T21:23:06,2018-04-11T16:52:02,761336000
674671,unknown,3,crash,2018-04-02T20:41:00,2018-04-07T04:15:38,372878000
674666,unknown,7,"popup,crash",2018-04-02T17:02:48,2018-04-03T11:26:23,66215000
674660,unknown,3,popup,2018-04-02T15:04:37,2018-04-12T15:10:01,864324000
674647,unknown,3,unknown,2018-04-02T13:21:58,2018-04-12T13:30:01,864483000
674613,resolved,8,crash,2018-04-02T05:47:36,2018-04-03T13:54:53,115637000
674612,unknown,3,unknown,2018-04-02T05:23:15,2018-04-08T12:37:40,544465000
674567,resolved,31,unknown,2018-04-01T08:24:29,2018-04-09T17:29:01,723872000
674563,unknown,6,"slow,crash",2018-04-01T04:18:10,2018-04-08T13:13:11,636901000
674550,resolved,20,crash,2018-03-31T21:57:54,2018-04-03T13:53:45,230151000
674540,resolved,17,unknown,2018-03-31T18:17:12,2018-04-03T13:55:36,243504000
674509,unknown,10,unknown,2018-03-31T07:54:40,2018-04-04T17:55:06,381626000
674446,resolved,23,unknown,2018-03-30T06:42:16,2018-04-08T21:55:12,832376000
674486,unknown,5,unknown,2018-03-30T05:42:55,2018-04-12T13:02:01,1149546000
674431,unknown,99,crash,2018-03-30T01:12:25,2018-04-15T19:34:52,1448547000
674430,resolved,14,crash,2018-03-30T00:40:14,2018-04-01T01:29:03,175729000
674310,resolved,70,unknown,2018-03-28T06:40:07,2018-05-10T16:52:43,3751956000
674309,unknown,6,redirect,2018-03-28T06:18:11,2018-04-07T06:25:01,864410000
674297,unknown,6,unknown,2018-03-28T01:22:58,2018-04-11T14:17:08,1256050000
674233,resolved,21,unknown,2018-03-27T03:01:29,2018-04-10T16:25:33,1257844000
674209,unknown,3,"slow,crash",2018-03-26T17:31:37,2018-04-01T12:42:49,501072000
674139,unknown,4,unknown,2018-03-26T00:42:01,2018-03-27T03:54:50,97969000
674119,resolved,17,redirect,2018-03-25T18:35:27,2018-03-29T17:53:11,343064000
674091,resolved,22,"redirect,crash",2018-03-25T08:34:10,2018-04-19T09:53:36,2164766000
674076,resolved,9,unknown,2018-03-24T22:51:04,2018-03-26T16:15:35,149071000
674010,unknown,11,"slow,redirect,crash",2018-03-24T06:32:17,2018-04-01T13:19:48,715651000
673985,unknown,6,unknown,2018-03-23T22:58:56,2018-03-30T17:27:58,584942000
673986,resolved,27,"redirect,crash",2018-03-23T22:58:55,2018-04-30T00:48:28,3203373000
673983,resolved,30,unknown,2018-03-23T22:17:14,2018-04-13T14:21:04,1785830000
673980,unknown,4,crash,2018-03-23T21:47:36,2018-03-30T12:34:56,571640000
673973,resolved,9,unknown,2018-03-23T20:07:01,2018-04-04T17:17:58,1026657000
673931,resolved,21,crash,2018-03-23T10:11:49,2018-03-29T19:17:05,551116000
673900,unknown,3,crash,2018-03-23T01:48:46,2018-03-29T12:28:01,556755000
673898,unknown,9,redirect,2018-03-23T01:22:50,2018-04-04T12:48:59,1077969000
673868,resolved,17,redirect,2018-03-22T19:02:14,2018-04-02T04:26:07,897833000
673843,resolved,25,redirect,2018-03-22T12:12:10,2018-04-10T16:26:56,1656886000
673810,resolved,22,unknown,2018-03-22T09:00:46,2018-07-25T22:14:32,10847626000
673784,resolved,9,"popup,crash",2018-03-22T00:57:51,2018-04-16T19:05:22,2225251000
673781,unknown,4,crash,2018-03-22T00:53:23,2018-03-28T12:07:41,558858000
673772,unknown,3,unknown,2018-03-21T23:04:28,2018-03-31T23:10:01,864333000
673760,resolved,18,popup,2018-03-21T20:13:08,2018-03-27T11:10:11,485823000
673759,resolved,7,redirect,2018-03-21T20:12:43,2018-04-18T18:12:58,2412015000
673751,resolved,8,crash,2018-03-21T19:14:54,2018-03-31T15:02:56,848882000
673744,resolved,16,"popup,crash",2018-03-21T18:03:21,2018-03-29T11:41:50,668309000
673734,unknown,25,"slow,redirect,crash",2018-03-21T15:59:25,2018-03-29T12:37:48,679103000
673650,unknown,4,popup,2018-03-21T08:08:15,2018-03-28T12:07:33,619158000
673586,resolved,9,unknown,2018-03-20T12:31:00,2018-03-20T20:18:32,28052000
673551,unknown,7,unknown,2018-03-20T00:36:11,2018-03-30T12:34:08,907077000
673528,resolved,23,unknown,2018-03-19T18:20:20,2018-04-16T15:32:18,2409118000
673506,resolved,38,crash,2018-03-19T09:52:49,2018-04-02T16:40:18,1234049000
673489,unknown,14,"slow,popup",2018-03-19T03:15:17,2018-04-05T14:29:58,1509281000
673480,resolved,1,unknown,2018-03-19T00:36:50,2018-03-19T00:36:50,0
673458,unknown,8,"redirect,crash",2018-03-18T17:57:54,2018-03-29T07:54:15,914181000
673456,unknown,30,"redirect,crash",2018-03-18T17:34:07,2018-04-24T11:44:14,3175807000
673443,resolved,45,crash,2018-03-18T13:54:02,2018-05-09T11:16:46,4483364000
673426,unknown,9,unknown,2018-03-18T06:01:50,2018-04-17T22:19:33,2650663000
673390,resolved,39,slow,2018-03-17T20:35:15,2018-04-19T14:33:03,2829468000
673314,resolved,7,crash,2018-03-16T21:09:25,2018-03-21T21:57:20,434875000
673270,unknown,15,unknown,2018-03-16T06:14:26,2018-03-21T12:40:42,455176000
673267,resolved,51,"slow,redirect,crash",2018-03-16T04:25:40,2018-04-27T12:05:42,3656402000
673259,resolved,20,unknown,2018-03-15T22:27:08,2018-03-29T14:27:57,1180849000
673253,resolved,36,slow,2018-03-15T21:01:04,2018-03-29T14:22:15,1185671000
673239,resolved,33,slow,2018-03-15T18:05:07,2018-03-26T19:01:42,953795000
673137,unknown,18,slow,2018-03-14T08:30:07,2018-03-28T12:36:53,1224406000
673080,resolved,4,unknown,2018-03-13T16:06:31,2018-03-14T20:59:41,103990000
673077,resolved,53,"slow,redirect,crash",2018-03-13T15:55:23,2018-03-29T16:50:26,1385703000
673076,resolved,36,"slow,popup",2018-03-13T15:49:03,2018-03-21T12:23:45,678882000
673064,unknown,3,unknown,2018-03-13T13:01:58,2018-03-20T12:51:51,604193000
673024,resolved,24,unknown,2018-03-12T21:14:30,2018-03-23T10:31:49,911839000
673016,unknown,10,"redirect,crash",2018-03-12T19:05:38,2018-03-15T21:35:40,268202000
672988,unknown,6,unknown,2018-03-12T10:50:05,2018-03-17T13:59:19,443354000
672955,unknown,12,"redirect,crash",2018-03-12T03:24:27,2018-03-21T12:20:58,809791000
672942,unknown,12,slow,2018-03-12T00:23:11,2018-03-14T18:05:36,236545000
672928,unknown,4,redirect,2018-03-11T20:39:42,2018-03-12T18:26:03,78381000
672914,resolved,38,"redirect,crash",2018-03-11T17:16:06,2018-03-18T04:15:03,557937000
672903,resolved,18,crash,2018-03-11T12:47:06,2018-03-26T17:34:47,1313261000
672893,resolved,65,"slow,crash",2018-03-11T08:24:31,2018-03-23T16:15:19,1065048000
672849,unknown,7,unknown,2018-03-11T00:35:08,2018-03-16T03:38:57,443029000
672843,unknown,21,unknown,2018-03-10T23:24:41,2018-03-31T03:06:45,1741324000
672781,unknown,16,unknown,2018-03-10T10:05:34,2018-03-24T16:50:04,1233870000
672750,unknown,7,crash,2018-03-10T03:12:36,2018-03-14T12:55:19,380563000
672744,unknown,13,"popup,redirect,crash",2018-03-10T00:02:53,2018-03-19T23:41:56,862743000
672743,unknown,24,"popup,crash",2018-03-09T23:42:11,2018-03-21T12:21:04,995933000
672728,resolved,58,unknown,2018-03-09T18:43:14,2018-04-14T02:56:20,3053586000
672718,unknown,5,unknown,2018-03-09T15:19:02,2018-03-15T14:41:02,516120000
672712,unknown,4,unknown,2018-03-09T11:58:46,2018-03-15T12:16:57,519491000
672694,resolved,62,crash,2018-03-09T08:51:41,2018-04-21T22:21:44,3763803000
672686,resolved,19,popup,2018-03-09T07:25:20,2018-03-13T16:54:53,379773000
672676,resolved,8,crash,2018-03-09T04:39:11,2018-03-16T14:56:35,641844000
672668,resolved,17,redirect,2018-03-09T02:31:25,2018-03-10T04:31:03,93578000
672660,unknown,7,unknown,2018-03-08T23:56:30,2018-03-16T12:39:15,650565000
672657,unknown,32,redirect,2018-03-08T22:11:14,2018-03-31T03:07:32,1918578000
672648,resolved,31,"redirect,crash",2018-03-08T20:29:52,2018-03-16T00:36:07,619575000
672642,unknown,3,slow,2018-03-08T18:23:15,2018-03-18T18:30:01,864406000
672638,resolved,4,"popup,redirect,crash",2018-03-08T17:28:05,2018-03-16T21:33:00,705895000
672628,unknown,4,unknown,2018-03-08T14:43:24,2018-03-15T14:41:21,604677000
672509,unknown,16,unknown,2018-03-07T06:52:15,2018-03-21T12:04:12,1228317000
672480,unknown,8,crash,2018-03-06T22:46:31,2018-03-10T10:40:07,302016000
672466,unknown,10,crash,2018-03-06T16:22:28,2018-03-13T12:07:54,589526000
672380,resolved,55,"slow,popup",2018-03-05T17:38:35,2018-03-23T10:32:37,1529642000
672378,unknown,7,unknown,2018-03-05T17:22:25,2018-03-12T13:20:15,590270000
672371,unknown,10,unknown,2018-03-05T16:05:13,2018-03-14T05:05:43,738030000
672344,unknown,13,unknown,2018-03-05T06:26:16,2018-03-07T13:48:14,199318000
672323,resolved,11,redirect,2018-03-05T01:39:10,2018-03-10T04:14:48,441338000
672322,unknown,13,redirect,2018-03-05T01:22:41,2018-03-12T14:05:52,650591000
672306,unknown,15,crash,2018-03-04T18:25:49,2018-03-18T13:47:00,1192871000
672290,unknown,8,redirect,2018-03-04T14:33:56,2018-03-07T22:53:57,289201000
672282,unknown,6,unknown,2018-03-04T12:44:29,2018-03-12T13:21:21,693412000
672278,unknown,3,unknown,2018-03-04T10:20:14,2018-03-07T22:53:04,304370000
672274,unknown,6,unknown,2018-03-04T08:29:19,2018-03-15T08:16:59,949660000
672259,resolved,14,"popup,crash",2018-03-04T00:41:07,2018-03-05T15:58:38,141451000
672258,resolved,21,unknown,2018-03-04T00:15:17,2018-03-20T00:48:53,1384416000
672163,resolved,40,crash,2018-03-02T16:00:31,2018-03-14T18:32:55,1045944000
672162,unknown,5,unknown,2018-03-02T14:35:23,2018-03-05T19:22:33,276430000
672147,unknown,3,unknown,2018-03-02T07:55:08,2018-03-07T14:31:59,455811000
672142,unknown,8,popup,2018-03-02T06:56:31,2018-03-10T13:57:02,716431000
672139,resolved,14,popup,2018-03-02T06:23:01,2018-03-03T14:00:04,113823000
672130,resolved,14,unknown,2018-03-02T01:35:57,2018-03-03T14:56:05,134408000
672129,unknown,15,redirect,2018-03-02T01:00:04,2018-03-14T12:56:35,1079791000
672031,unknown,7,unknown,2018-03-01T04:50:39,2018-03-13T06:09:31,1041532000
672018,resolved,34,unknown,2018-03-01T00:17:45,2018-03-08T15:24:20,659195000
671998,resolved,11,crash,2018-02-28T17:17:31,2018-03-13T21:51:56,1139665000
671971,resolved,15,crash,2018-02-28T11:16:48,2018-03-10T18:33:24,890196000
671956,unknown,7,"popup,crash",2018-02-28T09:36:54,2018-03-08T15:23:47,712013000
671939,unknown,4,crash,2018-02-28T06:05:39,2018-03-06T14:17:05,547886000
671922,resolved,70,popup,2018-02-28T00:13:07,2018-04-21T21:54:55,4570908000
671865,unknown,4,crash,2018-02-27T05:37:40,2018-03-05T15:57:17,555577000
671852,resolved,14,"slow,popup",2018-02-27T01:07:19,2018-03-05T15:57:46,571827000
671835,unknown,4,unknown,2018-02-26T21:02:04,2018-02-28T13:02:54,144050000
671810,unknown,6,unknown,2018-02-26T13:20:19,2018-02-28T13:04:21,171842000
671788,resolved,7,"redirect,crash",2018-02-26T10:06:18,2018-03-02T14:53:39,362841000
671746,resolved,35,crash,2018-02-25T20:13:52,2018-04-04T17:31:03,3273431000
671733,resolved,34,unknown,2018-02-25T14:04:30,2018-03-01T16:59:03,356073000
671704,unknown,21,"redirect,crash",2018-02-25T05:36:46,2018-03-13T14:23:06,1413980000
671701,resolved,49,unknown,2018-02-25T03:16:01,2018-03-16T16:23:12,1688831000
671683,unknown,6,"slow,crash",2018-02-24T21:16:23,2018-04-13T18:51:58,4138535000
671677,unknown,7,slow,2018-02-24T17:14:31,2018-02-25T18:39:24,91493000
671672,unknown,4,unknown,2018-02-24T15:47:23,2018-02-25T13:48:57,79294000
671600,unknown,1,unknown,2018-02-23T17:11:56,2018-02-23T17:11:56,0
671599,resolved,13,unknown,2018-02-23T17:09:44,2018-03-05T19:43:16,873212000
671594,unknown,6,redirect,2018-02-23T15:37:08,2018-03-02T03:10:51,560023000
671538,unknown,3,unknown,2018-02-23T01:41:38,2018-03-02T12:47:55,644777000
671524,resolved,16,crash,2018-02-22T19:30:55,2018-03-07T18:01:57,1117862000
671513,unknown,6,crash,2018-02-22T15:45:42,2018-02-23T18:03:10,94648000
671384,resolved,12,slow,2018-02-22T04:59:06,2018-03-06T12:02:01,1062175000
671372,resolved,33,crash,2018-02-22T01:03:24,2018-03-10T18:22:38,1444754000
671365,resolved,7,"redirect,crash",2018-02-21T22:04:34,2018-02-26T03:27:51,364997000
671362,resolved,24,crash,2018-02-21T21:42:52,2018-03-09T21:46:47,1382635000
671335,unknown,6,unknown,2018-02-21T15:20:11,2018-02-27T04:18:49,478718000
671297,resolved,17,"popup,redirect,crash",2018-02-21T03:16:21,2018-02-26T03:31:40,432919000
671291,unknown,3,unknown,2018-02-21T01:54:30,2018-02-27T12:57:42,558192000
671288,resolved,51,redirect,2018-02-20T22:17:52,2018-02-25T02:21:29,360217000
671282,resolved,9,crash,2018-02-20T21:22:03,2018-02-28T00:55:53,617630000
671273,unknown,5,unknown,2018-02-20T19:04:37,2018-03-02T06:42:20,819463000
671269,resolved,4,redirect,2018-02-20T18:25:59,2018-02-22T18:00:28,171269000
671259,unknown,5,unknown,2018-02-20T15:24:56,2018-03-06T14:16:29,1205493000
671210,unknown,6,slow,2018-02-19T22:45:36,2018-02-26T03:26:50,535274000
671206,resolved,20,redirect,2018-02-19T22:06:43,2018-02-27T15:27:50,667267000
671192,unknown,2,"slow,crash",2018-02-19T17:46:12,2018-02-19T18:24:42,2310000
671176,unknown,15,unknown,2018-02-19T15:37:09,2018-03-07T16:05:39,1384110000
671175,unknown,11,crash,2018-02-19T15:04:22,2018-03-05T15:33:58,1211376000
671124,unknown,4,redirect,2018-02-19T00:21:09,2018-02-24T15:51:19,487810000
671117,unknown,16,crash,2018-02-18T20:38:18,2018-03-07T14:31:34,1446796000
671066,resolved,5,unknown,2018-02-18T03:03:07,2018-02-24T13:20:49,555462000
671059,unknown,4,unknown,2018-02-18T00:23:20,2018-02-24T13:20:16,565016000
671049,resolved,11,"slow,redirect",2018-02-17T19:40:54,2018-02-22T03:15:16,372862000
671046,unknown,5,unknown,2018-02-17T17:39:03,2018-02-24T13:19:46,589243000
671035,unknown,2,crash,2018-02-17T15:41:32,2018-02-17T18:45:54,11062000
671034,unknown,13,crash,2018-02-17T15:40:07,2018-02-26T04:46:06,738359000
670994,resolved,5,unknown,2018-02-17T06:19:37,2018-02-21T02:05:28,330351000
670959,resolved,82,crash,2018-02-16T23:31:07,2018-03-09T19:53:02,1801315000
670910,unknown,3,unknown,2018-02-16T09:31:10,2018-02-19T22:28:31,305841000
670832,resolved,20,unknown,2018-02-16T03:23:43,2018-03-12T09:59:45,2097362000
670831,unknown,64,unknown,2018-02-16T02:45:24,2018-02-24T00:53:44,684500000
670809,unknown,5,"slow,popup,crash",2018-02-15T17:15:17,2018-03-01T20:22:36,1220839000
670800,resolved,9,"popup,crash",2018-02-15T16:19:44,2018-02-20T16:35:17,432933000
670791,resolved,23,"redirect,crash",2018-02-15T15:34:30,2018-02-22T12:00:28,591958000
670771,resolved,7,crash,2018-02-15T14:02:23,2018-02-15T21:14:06,25903000
670704,unknown,2,unknown,2018-02-14T18:36:54,2018-02-14T18:41:36,282000
670703,resolved,12,unknown,2018-02-14T18:34:55,2018-02-26T14:44:28,1022973000
670691,unknown,76,unknown,2018-02-14T15:36:56,2018-04-14T04:37:25,5058029000
670641,resolved,15,unknown,2018-02-14T04:59:52,2018-02-23T20:03:22,831810000
670619,resolved,22,unknown,2018-02-13T21:13:52,2018-03-06T15:00:33,1792001000
670525,unknown,4,"slow,popup",2018-02-12T19:31:33,2018-02-19T02:45:54,544461000
670505,resolved,16,unknown,2018-02-12T15:26:47,2018-03-06T21:25:12,1922305000
670436,unknown,20,unknown,2018-02-11T13:29:43,2018-02-28T13:01:58,1467135000
670432,resolved,58,unknown,2018-02-11T12:35:42,2018-04-13T16:31:41,5284559000
670383,unknown,17,unknown,2018-02-10T14:28:07,2018-02-12T12:58:45,167438000
670381,resolved,29,"redirect,crash",2018-02-10T14:06:21,2018-02-17T20:53:23,629222000
670352,unknown,3,unknown,2018-02-10T04:50:55,2018-02-16T13:59:35,551320000
670315,resolved,42,"popup,crash",2018-02-09T14:42:10,2018-02-21T16:17:24,1042514000
670283,resolved,13,unknown,2018-02-09T05:30:34,2018-02-18T11:36:30,799556000
670275,unknown,2,unknown,2018-02-09T01:33:36,2018-02-09T02:34:31,3655000
670267,unknown,3,"slow,redirect",2018-02-08T22:06:52,2018-02-15T12:58:44,571912000
670259,resolved,31,slow,2018-02-08T18:24:06,2018-02-15T21:10:47,614801000
670215,unknown,6,"popup,crash",2018-02-07T23:09:10,2018-03-11T19:37:09,2752079000
670195,resolved,14,unknown,2018-02-07T15:21:56,2018-02-09T20:21:57,190801000
670174,resolved,6,crash,2018-02-07T09:37:24,2018-02-11T01:22:20,315896000
670151,unknown,41,unknown,2018-02-07T05:30:30,2018-03-12T19:15:05,2900675000
670136,resolved,11,"popup,redirect,crash",2018-02-06T22:18:09,2018-02-10T15:00:49,319360000
670129,unknown,4,unknown,2018-02-06T19:21:13,2018-02-13T14:52:00,588647000
670120,resolved,27,unknown,2018-02-06T16:43:07,2018-02-14T17:38:12,694505000
670060,unknown,14,unknown,2018-02-06T02:12:14,2018-03-13T12:11:01,3059927000
670049,unknown,14,redirect,2018-02-05T21:54:51,2018-02-20T19:55:59,1288868000
670044,unknown,3,unknown,2018-02-05T20:42:24,2018-02-12T13:23:20,578456000
669977,resolved,7,crash,2018-02-05T04:22:25,2018-02-11T14:27:12,554687000
669969,unknown,3,slow,2018-02-04T23:11:53,2018-02-11T13:05:24,568411000
669965,resolved,41,"popup,redirect",2018-02-04T21:03:48,2018-02-17T21:22:21,1124313000
669936,resolved,7,crash,2018-02-04T13:49:56,2018-02-05T15:41:05,93069000
669917,unknown,4,crash,2018-02-04T03:47:44,2018-02-13T01:35:30,769666000
669895,resolved,13,unknown,2018-02-03T19:42:53,2018-02-12T18:43:31,774038000
669893,resolved,19,"slow,redirect",2018-02-03T19:29:49,2018-02-17T13:34:21,1188272000
669846,unknown,6,crash,2018-02-03T04:46:30,2018-02-09T19:12:51,570381000
669844,unknown,5,unknown,2018-02-03T03:56:28,2018-02-11T13:07:03,724235000
669843,resolved,17,"slow,popup,redirect,crash",2018-02-03T03:46:16,2018-02-15T21:15:37,1099761000
669771,unknown,18,unknown,2018-02-01T22:18:15,2018-02-09T19:11:59,680024000
669762,resolved,13,unknown,2018-02-01T20:03:10,2018-02-07T00:12:49,446979000
669755,unknown,35,unknown,2018-02-01T18:22:26,2018-02-13T01:34:24,976318000
669746,unknown,9,unknown,2018-02-01T15:24:41,2018-02-04T14:39:53,256512000
669700,unknown,10,unknown,2018-02-01T06:39:12,2018-02-08T15:57:13,638281000
669685,resolved,11,unknown,2018-02-01T04:28:04,2018-02-08T15:52:50,645886000
669680,unknown,4,unknown,2018-02-01T02:03:49,2018-02-09T15:10:59,738430000
669669,unknown,22,unknown,2018-01-31T23:14:09,2018-02-13T01:36:12,1045323000
669654,unknown,21,"popup,redirect,crash",2018-01-31T17:22:25,2018-02-12T13:12:00,1021775000
669653,resolved,18,crash,2018-01-31T17:12:18,2018-02-06T13:39:42,505644000
669585,unknown,6,unknown,2018-01-30T23:35:40,2018-02-01T13:19:48,135848000
669537,unknown,3,redirect,2018-01-30T11:11:40,2018-02-05T13:33:17,526897000
669516,resolved,20,unknown,2018-01-30T08:47:16,2018-02-16T13:09:40,1484544000
669486,unknown,22,"redirect,crash",2018-01-30T01:32:21,2018-02-26T13:13:21,2374860000
669485,resolved,19,unknown,2018-01-30T01:17:45,2018-02-24T22:28:25,2236240000
669479,unknown,3,crash,2018-01-29T23:17:13,2018-02-04T03:46:06,448133000
669472,resolved,134,slow,2018-01-29T22:25:42,2018-04-23T22:33:16,7258054000
669454,resolved,7,"popup,crash",2018-01-29T18:26:22,2018-02-10T22:33:05,1051603000
669435,resolved,4,"slow,popup,crash",2018-01-29T14:22:19,2018-02-06T13:38:12,688553000
669382,unknown,4,unknown,2018-01-29T01:05:21,2018-02-05T15:20:33,656112000
669379,unknown,3,popup,2018-01-28T23:27:24,2018-02-07T23:35:02,864458000
669374,resolved,8,"popup,crash",2018-01-28T21:11:12,2018-01-29T20:05:00,82428000
669350,resolved,15,crash,2018-01-28T15:22:55,2018-02-05T15:21:25,691110000
669341,resolved,37,"slow,redirect",2018-01-28T14:25:10,2018-02-12T13:12:04,1291614000
669325,unknown,4,"slow,crash",2018-01-28T08:53:15,2018-01-28T19:37:43,38668000
669323,resolved,7,popup,2018-01-28T07:36:17,2018-01-28T23:01:58,55541000
669320,resolved,20,crash,2018-01-28T06:18:09,2018-02-02T15:33:33,465324000
669302,resolved,45,"slow,popup",2018-01-27T21:51:41,2018-02-17T09:58:25,1771604000
669298,resolved,58,crash,2018-01-27T20:25:47,2018-02-17T20:53:50,1816083000
669295,unknown,36,crash,2018-01-27T19:38:28,2018-02-05T15:20:13,762105000
669228,resolved,5,unknown,2018-01-26T23:43:58,2018-01-28T13:05:14,134476000
669217,unknown,3,unknown,2018-01-26T20:50:50,2018-02-02T13:26:11,578121000
669187,resolved,13,unknown,2018-01-26T10:59:19,2018-02-03T14:28:03,703724000
669163,unknown,9,unknown,2018-01-25T22:52:09,2018-02-04T14:40:42,834513000
669140,resolved,33,unknown,2018-01-25T16:41:11,2018-02-13T01:34:56,1587225000
669126,resolved,14,slow,2018-01-25T13:12:41,2018-01-27T20:06:03,197602000
669087,resolved,35,"slow,popup,redirect,crash",2018-01-25T02:13:47,2018-06-13T14:34:30,12054043000
669076,resolved,36,popup,2018-01-24T22:09:57,2018-02-16T00:50:38,1910441000
669066,unknown,7,redirect,2018-01-24T19:58:58,2018-02-06T14:28:31,1103373000
669049,unknown,4,crash,2018-01-24T15:13:02,2018-02-05T13:33:02,1030800000
669011,unknown,18,redirect,2018-01-24T08:17:37,2018-02-10T15:09:22,1493505000
668994,resolved,13,unknown,2018-01-24T04:50:14,2018-02-06T17:56:18,1170364000
668954,unknown,9,unknown,2018-01-23T14:16:33,2018-01-24T13:51:13,84880000
668925,resolved,33,crash,2018-01-23T10:05:57,2018-02-25T11:06:35,2854838000
668796,resolved,16,popup,2018-01-22T21:33:42,2018-01-26T00:25:20,269498000
668795,resolved,55,unknown,2018-01-22T21:32:40,2018-03-12T17:51:16,4220316000
668788,resolved,7,unknown,2018-01-22T17:48:44,2018-01-23T19:19:02,91818000
668725,unknown,4,unknown,2018-01-22T06:31:33,2018-01-30T13:05:36,714843000
668699,resolved,123,"redirect,crash",2018-01-21T20:43:32,2018-01-29T20:02:29,688737000
668664,resolved,14,unknown,2018-01-21T04:50:33,2018-01-26T15:03:42,468789000
668646,resolved,18,crash,2018-01-20T20:10:23,2018-01-26T15:00:17,499794000
668644,resolved,3,unknown,2018-01-20T19:19:45,2018-07-25T22:13:59,16080854000
668641,resolved,7,"slow,redirect,crash",2018-01-20T18:35:14,2018-01-26T00:32:41,453447000
668614,unknown,5,unknown,2018-01-20T10:42:20,2018-01-30T15:02:16,879596000
668593,unknown,19,unknown,2018-01-20T05:50:07,2018-02-07T07:32:29,1561342000
668589,unknown,3,unknown,2018-01-20T04:28:06,2018-01-26T13:11:52,549826000
668586,unknown,14,unknown,2018-01-20T03:40:14,2018-01-30T15:02:41,904947000
668579,unknown,3,unknown,2018-01-20T01:50:22,2018-01-26T00:34:33,513851000
668574,resolved,13,unknown,2018-01-19T23:18:48,2018-01-27T15:37:39,663531000
668566,unknown,5,unknown,2018-01-19T20:27:36,2018-01-29T08:37:49,821413000
668500,unknown,4,popup,2018-01-19T02:30:15,2018-01-26T15:01:23,649868000
668498,unknown,14,"slow,crash",2018-01-19T01:53:53,2018-01-26T15:04:52,652259000
668487,resolved,25,"redirect,crash",2018-01-18T21:48:20,2018-01-29T16:46:23,932283000
668415,resolved,11,"redirect,crash",2018-01-18T06:51:59,2018-01-21T16:42:59,294660000
668405,resolved,5,unknown,2018-01-18T05:37:29,2018-01-20T20:09:32,225123000
668400,unknown,11,"slow,popup,crash",2018-01-18T04:26:03,2018-01-25T18:17:30,654687000
668361,resolved,13,unknown,2018-01-17T13:04:36,2018-01-19T13:32:14,174458000
668297,resolved,7,unknown,2018-01-16T22:56:33,2018-01-22T19:07:56,504683000
668291,resolved,28,unknown,2018-01-16T20:33:56,2018-01-29T18:27:58,1115642000
668280,unknown,4,unknown,2018-01-16T17:52:35,2018-01-26T00:33:25,801650000
668184,resolved,5,unknown,2018-01-15T23:14:41,2018-01-18T14:30:24,227743000
668168,resolved,15,unknown,2018-01-15T20:35:11,2018-01-31T13:29:26,1356855000
668133,unknown,4,crash,2018-01-15T12:35:43,2018-01-23T01:32:08,651385000
668089,resolved,15,unknown,2018-01-15T05:07:39,2018-01-18T18:55:12,308853000
668084,unknown,4,unknown,2018-01-15T03:04:54,2018-01-27T14:53:37,1079323000
668041,unknown,4,redirect,2018-01-14T12:23:06,2018-01-23T01:30:48,738462000
668030,unknown,2,unknown,2018-01-14T05:47:47,2018-01-19T16:59:18,472291000
668027,unknown,37,popup,2018-01-14T05:11:39,2018-02-14T03:19:54,2671695000
668018,unknown,18,slow,2018-01-14T01:17:27,2018-01-23T01:31:08,778421000
667994,resolved,19,unknown,2018-01-13T21:45:14,2018-01-22T20:34:35,773361000
667988,resolved,8,"popup,crash",2018-01-13T20:45:36,2018-01-14T17:06:47,73271000
667977,unknown,7,redirect,2018-01-13T18:30:12,2018-01-20T13:16:55,586003000
667958,resolved,11,"redirect,crash",2018-01-13T14:32:20,2018-01-16T16:09:42,265042000
667925,unknown,4,unknown,2018-01-13T05:10:22,2018-01-19T14:43:04,552762000
667896,unknown,7,crash,2018-01-12T18:10:12,2018-01-15T12:38:37,239305000
667889,resolved,44,crash,2018-01-12T15:11:18,2018-01-17T16:59:47,438509000
667843,unknown,8,unknown,2018-01-12T02:11:02,2018-01-25T13:21:19,1163417000
667830,unknown,6,crash,2018-01-11T23:43:38,2018-01-22T06:30:44,888426000
667822,unknown,4,"slow,popup,crash",2018-01-11T19:13:37,2018-01-17T17:01:06,510449000
667809,resolved,28,slow,2018-01-11T15:29:36,2018-01-18T00:25:11,550535000
667774,resolved,9,popup,2018-01-11T08:11:27,2018-01-13T15:43:38,199931000
667753,unknown,24,popup,2018-01-11T04:22:36,2018-01-22T12:47:18,980682000
667750,resolved,8,crash,2018-01-11T03:05:36,2018-01-13T15:53:47,218891000
667737,resolved,13,redirect,2018-01-11T00:05:50,2018-01-17T17:01:53,579363000
667725,resolved,9,"popup,crash",2018-01-10T18:09:44,2018-01-13T15:43:44,250440000
667719,resolved,13,unknown,2018-01-10T17:33:29,2018-01-17T17:00:10,602801000
667688,unknown,15,"redirect,crash",2018-01-10T08:57:31,2018-01-18T13:36:10,707919000
667660,unknown,3,unknown,2018-01-10T06:07:57,2018-01-17T12:33:16,627919000
667653,unknown,13,crash,2018-01-10T01:28:21,2018-01-19T14:47:24,825543000
667633,unknown,4,unknown,2018-01-09T19:29:30,2018-01-15T03:23:36,460446000
667555,unknown,16,unknown,2018-01-09T02:36:42,2018-02-02T13:25:46,2112544000
667554,unknown,8,unknown,2018-01-09T01:44:02,2018-01-21T13:46:42,1080160000
667486,unknown,8,crash,2018-01-08T06:40:38,2018-01-15T17:38:19,644261000
667479,resolved,14,unknown,2018-01-08T03:45:46,2018-01-11T22:56:14,328228000
667476,resolved,9,unknown,2018-01-08T03:30:00,2018-01-12T09:32:05,367325000
667466,unknown,5,popup,2018-01-07T23:36:14,2018-01-10T13:57:49,224495000
667448,unknown,4,crash,2018-01-07T18:00:30,2018-01-14T14:40:29,592799000
667428,unknown,7,"popup,crash",2018-01-07T16:14:55,2018-01-10T13:56:24,250889000
667426,unknown,6,"popup,crash",2018-01-07T16:10:41,2018-01-12T15:05:13,428072000
667405,unknown,8,unknown,2018-01-07T08:48:56,2018-01-15T16:16:37,718061000
667395,resolved,11,unknown,2018-01-07T01:03:15,2018-01-10T19:07:55,324280000
667379,resolved,15,"popup,crash",2018-01-06T18:41:13,2018-01-10T15:19:02,333469000
667306,unknown,4,"popup,crash",2018-01-06T01:30:50,2018-01-08T18:29:34,233924000
667285,resolved,49,unknown,2018-01-05T19:30:25,2018-01-17T17:01:31,1027866000
667279,resolved,42,unknown,2018-01-05T18:29:41,2018-01-13T23:29:06,709165000
667223,resolved,15,crash,2018-01-05T02:37:25,2018-01-12T13:20:51,643406000
667216,unknown,12,"redirect,crash",2018-01-05T00:06:54,2018-01-23T01:32:50,1560356000
667202,unknown,3,unknown,2018-01-04T19:24:02,2018-01-11T13:57:23,585201000
667187,resolved,10,unknown,2018-01-04T14:48:35,2018-01-12T13:20:56,685941000
667186,unknown,11,slow,2018-01-04T14:46:36,2018-01-27T07:52:53,1962377000
667165,unknown,2,crash,2018-01-04T09:32:51,2018-01-04T12:59:15,12384000
667137,unknown,6,unknown,2018-01-04T05:45:04,2018-01-13T15:43:33,813509000
667112,resolved,5,"popup,redirect",2018-01-03T19:59:03,2018-01-05T13:05:48,148005000
667101,unknown,41,unknown,2018-01-03T15:42:38,2018-02-11T14:16:43,3364445000
667078,resolved,8,"popup,crash",2018-01-03T11:18:18,2018-01-10T18:50:31,631933000
667045,unknown,5,"redirect,crash",2018-01-03T02:52:19,2018-01-08T17:05:43,483204000
667016,unknown,3,crash,2018-01-02T18:05:54,2018-01-08T13:03:25,500251000
666991,resolved,12,"popup,redirect,crash",2018-01-02T14:21:28,2018-01-11T13:15:40,773652000
666938,unknown,3,redirect,2018-01-02T00:22:26,2018-01-08T13:03:25,564059000
666930,unknown,4,redirect,2018-01-01T20:43:44,2018-01-02T19:18:43,81299000
666923,unknown,5,crash,2018-01-01T20:27:57,2018-01-02T19:22:18,82461000
666874,resolved,52,unknown,2018-01-01T00:40:27,2018-01-04T14:32:21,309114000